Codec,1,testWhy,12.05.2020 10:58:10,1589273890
Codec,1,testTIOAndTIAToX,12.05.2020 10:51:03,1589273463
Codec,1,testDiscardOfSilentGN,12.05.2020 10:55:43,1589273743
Codec,1,testIsMetaphoneEqualKnight,12.05.2020 11:05:26,1589274326
Codec,1,testIsMetaphoneEqualRay,12.05.2020 10:56:54,1589273814
Codec,1,testIsMetaphoneEqualXalan,12.05.2020 10:53:48,1589273628
Codec,1,testTranslateOfSCHAndCH,12.05.2020 11:01:17,1589274077
Codec,1,assertMetaphoneEqual,12.05.2020 11:06:41,1589274401
Codec,1,testIsMetaphoneEqualJohn,12.05.2020 11:04:47,1589274287
Codec,1,testIsMetaphoneEqualAlbert,12.05.2020 11:01:58,1589274118
Codec,1,testIsMetaphoneEqualPeter,12.05.2020 10:49:08,1589273348
Codec,1,testIsMetaphoneEqual1,12.05.2020 10:59:26,1589273966
Codec,1,testDiscardOfSilentHAfterG,12.05.2020 11:02:37,1589274157
Codec,1,testIsMetaphoneEqualAero,12.05.2020 10:55:04,1589273704
Codec,1,testIsMetaphoneEqual2,12.05.2020 11:06:03,1589274363
Codec,1,testMetaphone,12.05.2020 10:57:32,1589273852
Codec,1,testWordEndingInMB,12.05.2020 10:49:46,1589273386
Codec,1,testIsMetaphoneEqualWright,12.05.2020 10:50:23,1589273423
Codec,1,testDiscardOfSCEOrSCIOrSCY,12.05.2020 11:03:16,1589274196
Codec,1,testIsMetaphoneEqualParis,12.05.2020 10:51:40,1589273500
Codec,1,testIsMetaphoneEqualMary,12.05.2020 10:48:29,1589273309
Codec,1,testTranslateToJOfDGEOrDGIOrDGY,12.05.2020 11:00:39,1589274039
Codec,1,testIsMetaphoneEqualWhite,12.05.2020 10:47:48,1589273268
Codec,1,testTCH,12.05.2020 11:07:20,1589274440
Codec,1,testSetMaxLengthWithTruncation,12.05.2020 11:00:02,1589274002
Codec,1,testWordsWithCIA,12.05.2020 11:07:59,1589274479
Codec,1,testIsMetaphoneEqualGary,12.05.2020 10:53:09,1589273589
Codec,1,testSHAndSIOAndSIAToX,12.05.2020 10:58:49,1589273929
Codec,1,assertIsMetaphoneEqual,12.05.2020 10:56:18,1589273778
Codec,1,testExceedLength,12.05.2020 11:03:55,1589274235
Codec,1,testIsMetaphoneEqualSusan,12.05.2020 10:52:19,1589273539
Codec,1,testPHTOF,12.05.2020 10:54:27,1589273667
Codec,1,testEmpty,12.05.2020 10:46:37,1589273197
Codec,1,doubleMetaphoneEqualTest,12.05.2020 10:47:10,1589273230
Codec,1,testDoubleMetaphone,12.05.2020 10:46:03,1589273163
Codec,1,assertDoubleMetaphoneAlt,12.05.2020 10:45:28,1589273128
Codec,1,doubleMetaphoneNotEqualTest,12.05.2020 10:44:54,1589273094
Codec,1,testSpecificationExamples,12.05.2020 10:44:21,1589273061
Codec,1,testDifference,12.05.2020 11:08:33,1589274513
Codec,1,testGetMappingCodeNonLetter,12.05.2020 11:09:08,1589274548
Codec,1,testEncode,12.05.2020 11:09:41,1589274581
Codec,1,logException,12.05.2020 11:14:30,1589274870
Codec,1,testMsSqlServer3,12.05.2020 11:12:48,1589274768
Codec,1,testNewInstance,12.05.2020 11:15:06,1589274906
Codec,1,testEncodeBatch3,12.05.2020 11:16:23,1589274983
Codec,1,testUsMappingEWithAcute,12.05.2020 11:11:35,1589274695
Codec,1,testEncodeBatch4,12.05.2020 11:14:02,1589274842
Codec,1,testUsMappingOWithDiaeresis,12.05.2020 11:15:45,1589274945
Codec,1,testEncodeBatch2,12.05.2020 11:20:10,1589275210
Codec,1,testEncodeBasic,12.05.2020 11:19:30,1589275170
Codec,1,testHWRuleEx3,12.05.2020 11:10:57,1589274657
Codec,1,testBadCharacters,12.05.2020 11:21:24,1589275284
Codec,1,testDifference,12.05.2020 11:18:17,1589275097
Codec,1,testHWRuleEx2,12.05.2020 11:17:38,1589275058
Codec,1,testMaxLength,12.05.2020 11:17:01,1589275021
Codec,1,testEncodeIgnoreTrimmable,12.05.2020 11:10:19,1589274619
Codec,1,testMaxLengthLessThan3Fix,12.05.2020 11:13:24,1589274804
Codec,1,testMsSqlServer1,12.05.2020 11:12:12,1589274732
Codec,1,testUsEnglishStatic,12.05.2020 11:18:53,1589275133
Codec,1,testHWRuleEx1,12.05.2020 11:20:47,1589275247
Codec,1,testComparatorWithSoundex,12.05.2020 10:42:31,1589272951
Codec,1,testComparatorWithDoubleMetaphoneAndInvalidInput,12.05.2020 10:43:41,1589273021
Codec,1,testComparatorWithDoubleMetaphone,12.05.2020 10:43:08,1589272988
Codec,2,testCodeInteger2,12.05.2020 11:43:11,1589276591
Codec,2,testBase64,12.05.2020 11:48:35,1589276915
Codec,2,testDiscardWhitespace,12.05.2020 11:37:51,1589276271
Codec,2,testDecodePadMarkerIndex2,12.05.2020 11:45:50,1589276750
Codec,2,testCodeInteger3,12.05.2020 11:31:54,1589275914
Codec,2,testObjectEncodeWithValidParameter,12.05.2020 11:29:56,1589275796
Codec,2,testObjectDecodeWithValidParameter,12.05.2020 11:35:56,1589276156
Codec,2,testIsArrayByteBase64,12.05.2020 11:34:37,1589276077
Codec,2,testDecodeWithWhitespace,12.05.2020 11:30:35,1589275835
Codec,2,testNonBase64Test,12.05.2020 11:46:31,1589276791
Codec,2,testDecodePadOnly,12.05.2020 11:32:34,1589275954
Codec,2,testEmptyBase64,12.05.2020 11:38:32,1589276312
Codec,2,testTripletsChunked,12.05.2020 11:33:19,1589275999
Codec,2,testPairs,12.05.2020 11:47:58,1589276878
Codec,2,testCodeIntegerNull,12.05.2020 11:39:12,1589276352
Codec,2,testUUID,12.05.2020 11:36:36,1589276196
Codec,2,testConstructors,12.05.2020 11:35:16,1589276116
Codec,2,testRfc2045Section6Dot8ChunkSizeDefinition,12.05.2020 11:33:56,1589276036
Codec,2,testSingletons,12.05.2020 11:28:04,1589275684
Codec,2,testEncodeDecodeSmall,12.05.2020 11:40:35,1589276435
Codec,2,testEncodeDecodeRandom,12.05.2020 11:43:56,1589276636
Codec,2,testIgnoringNonBase64InDecode,12.05.2020 11:42:33,1589276553
Codec,2,testRfc2045Section2Dot1CrLfDefinition,12.05.2020 11:45:11,1589276711
Codec,2,testObjectEncodeWithInvalidParameter,12.05.2020 11:39:55,1589276395
Codec,2,testKnownEncodings,12.05.2020 11:39:52,1589276392
Codec,2,testSingletonsChunked,12.05.2020 11:47:17,1589276837
Codec,2,testKnownDecodings,12.05.2020 11:44:33,1589276673
Codec,2,testDecodePadOnlyChunked,12.05.2020 11:41:56,1589276516
Codec,2,testTriplets,12.05.2020 11:41:17,1589276477
Codec,2,testObjectDecodeWithInvalidParameter,12.05.2020 11:28:42,1589275722
Codec,2,testDecodePadMarkerIndex3,12.05.2020 11:37:13,1589276233
Codec,2,testCodeInteger4,12.05.2020 11:29:21,1589275761
Codec,2,testCodeInteger1,12.05.2020 11:31:15,1589275875
Codec,2,testDecodeObjects,12.05.2020 11:51:29,1589277089
Codec,2,testEncodeObjects,12.05.2020 11:50:20,1589277020
Codec,2,testEncodeStringWithNull,12.05.2020 11:52:38,1589277158
Codec,2,testNullInput,12.05.2020 11:50:54,1589277054
Codec,2,testDecodeStringWithNull,12.05.2020 11:49:09,1589276949
Codec,2,testInvalidEncoding,12.05.2020 11:49:44,1589276984
Codec,2,testBasicEncodeDecode,12.05.2020 11:53:51,1589277231
Codec,2,testUTF8RoundTrip,12.05.2020 11:53:14,1589277194
Codec,2,testEncodeDecodeNull,12.05.2020 11:52:05,1589277125
Codec,3,testDoubleMetaphoneAlternate,12.05.2020 11:59:49,1589277589
Codec,3,testDoubleMetaphonePrimary,12.05.2020 11:59:02,1589277542
Codec,3,testEmpty,12.05.2020 12:02:04,1589277724
Codec,3,doubleMetaphoneEqualTest,12.05.2020 12:02:39,1589277759
Codec,3,testDoubleMetaphone,12.05.2020 12:03:56,1589277836
Codec,3,assertDoubleMetaphoneAlt,12.05.2020 12:03:16,1589277796
Codec,3,doubleMetaphoneNotEqualTest,12.05.2020 12:00:24,1589277624
Codec,3,testSetMaxCodeLength,12.05.2020 12:01:28,1589277688
Codec,3,testComparatorWithSoundex,12.05.2020 11:57:09,1589277429
Codec,3,testComparatorWithDoubleMetaphoneAndInvalidInput,12.05.2020 11:57:43,1589277463
Codec,3,testComparatorWithDoubleMetaphone,12.05.2020 11:58:20,1589277500
Codec,4,testRead0,12.05.2020 12:16:39,1589278599
Codec,4,testMarkSupported,12.05.2020 12:17:47,1589278667
Codec,4,testReadNull,12.05.2020 12:17:12,1589278632
Codec,4,testReadOutOfBounds,12.05.2020 12:18:22,1589278702
Codec,4,testStaticEncodeChunked,12.05.2020 12:14:40,1589278480
Codec,4,testBinaryDecoder,12.05.2020 12:15:08,1589278508
Codec,4,testEncoder,12.05.2020 12:13:13,1589278393
Codec,4,testStaticDecodeChunked,12.05.2020 12:12:45,1589278365
Codec,4,testStaticDecode,12.05.2020 12:14:11,1589278451
Codec,4,testDecoder,12.05.2020 12:13:43,1589278423
Codec,4,testBinaryEncoder,12.05.2020 12:16:06,1589278566
Codec,4,testStaticEncode,12.05.2020 12:15:37,1589278537
Codec,4,testWriteToNullCoverage,12.05.2020 12:19:33,1589278773
Codec,4,testWriteOutOfBounds,12.05.2020 12:18:58,1589278738
Codec,4,testCodeInteger2,12.05.2020 12:40:43,1589280043
Codec,4,testConstructor_Int_ByteArray_Boolean_UrlSafe,12.05.2020 12:36:02,1589279762
Codec,4,testBase64,12.05.2020 12:23:31,1589279011
Codec,4,testDiscardWhitespace,12.05.2020 12:36:43,1589279803
Codec,4,testDecodePadMarkerIndex2,12.05.2020 12:20:13,1589278813
Codec,4,testCodeInteger3,12.05.2020 12:29:00,1589279340
Codec,4,testObjectEncodeWithValidParameter,12.05.2020 12:26:09,1589279169
Codec,4,testObjectDecodeWithValidParameter,12.05.2020 12:29:39,1589279379
Codec,4,testIsArrayByteBase64,12.05.2020 12:33:01,1589279581
Codec,4,testDecodeWithWhitespace,12.05.2020 12:24:11,1589279051
Codec,4,testNonBase64Test,12.05.2020 12:20:50,1589278850
Codec,4,testDecodePadOnly,12.05.2020 12:41:22,1589280082
Codec,4,testEmptyBase64,12.05.2020 12:31:05,1589279465
Codec,4,testTripletsChunked,12.05.2020 12:37:28,1589279848
Codec,4,testPairs,12.05.2020 12:24:52,1589279092
Codec,4,testUUID,12.05.2020 12:25:32,1589279132
Codec,4,testRfc2045Section6Dot8ChunkSizeDefinition,12.05.2020 12:21:30,1589278890
Codec,4,testSingletons,12.05.2020 12:33:50,1589279630
Codec,4,testIsUrlSafe,12.05.2020 12:42:01,1589280121
Codec,4,testEncodeDecodeSmall,12.05.2020 12:34:31,1589279671
Codec,4,testEncodeDecodeRandom,12.05.2020 12:35:23,1589279723
Codec,4,testStringToByteVariations,12.05.2020 12:38:46,1589279926
Codec,4,testIgnoringNonBase64InDecode,12.05.2020 12:32:21,1589279541
Codec,4,testRfc2045Section2Dot1CrLfDefinition,12.05.2020 12:38:07,1589279887
Codec,4,testUrlSafe,12.05.2020 12:30:25,1589279425
Codec,4,testChunkedEncodeMultipleOf76,12.05.2020 12:31:44,1589279504
Codec,4,testKnownEncodings,12.05.2020 12:42:42,1589280162
Codec,4,testSingletonsChunked,12.05.2020 12:28:20,1589279300
Codec,4,testKnownDecodings,12.05.2020 12:40:03,1589280003
Codec,4,testConstructor_Int_ByteArray_Boolean,12.05.2020 12:43:22,1589280202
Codec,4,testByteToStringVariations,12.05.2020 12:22:52,1589278972
Codec,4,testDecodePadOnlyChunked,12.05.2020 12:39:24,1589279964
Codec,4,testTriplets,12.05.2020 12:26:58,1589279218
Codec,4,testDecodePadMarkerIndex3,12.05.2020 12:27:34,1589279254
Codec,4,testCodeInteger4,12.05.2020 12:22:13,1589278933
Codec,4,testCodeInteger1,12.05.2020 12:26:12,1589279172
Codec,4,testDecodeObjects,12.05.2020 12:44:27,1589280267
Codec,4,testEncodeObjects,12.05.2020 12:45:03,1589280303
Codec,4,testEncodeStringWithNull,12.05.2020 12:48:31,1589280511
Codec,4,testNullInput,12.05.2020 12:47:23,1589280443
Codec,4,testDecodeStringWithNull,12.05.2020 12:43:55,1589280235
Codec,4,testInvalidEncoding,12.05.2020 12:45:39,1589280339
Codec,4,testBasicEncodeDecode,12.05.2020 12:46:49,1589280409
Codec,4,testUTF8RoundTrip,12.05.2020 12:47:58,1589280478
Codec,4,testEncodeDecodeNull,12.05.2020 12:46:14,1589280374
Codec,5,testRead0,12.05.2020 13:03:25,1589281405
Codec,5,testCodec98NPE,12.05.2020 13:04:02,1589281442
Codec,5,testMarkSupported,12.05.2020 13:04:39,1589281479
Codec,5,testReadNull,12.05.2020 13:02:47,1589281367
Codec,5,testReadOutOfBounds,12.05.2020 13:05:18,1589281518
Codec,5,testStaticEncodeChunked,12.05.2020 13:00:16,1589281216
Codec,5,testBinaryDecoder,12.05.2020 13:01:43,1589281303
Codec,5,testEncoder,12.05.2020 13:01:15,1589281275
Codec,5,testStaticDecodeChunked,12.05.2020 12:59:17,1589281157
Codec,5,testStaticDecode,12.05.2020 13:00:46,1589281246
Codec,5,testDecoder,12.05.2020 12:59:47,1589281187
Codec,5,testBinaryEncoder,12.05.2020 12:58:47,1589281127
Codec,5,testStaticEncode,12.05.2020 13:02:11,1589281331
Codec,5,testWriteToNullCoverage,12.05.2020 13:07:09,1589281629
Codec,5,testCodec98NPE,12.05.2020 13:05:55,1589281555
Codec,5,testWriteOutOfBounds,12.05.2020 13:06:31,1589281591
Codec,5,testCodeInteger2,12.05.2020 13:32:49,1589283169
Codec,5,testConstructor_Int_ByteArray_Boolean_UrlSafe,12.05.2020 13:28:35,1589282915
Codec,5,testBase64,12.05.2020 13:35:39,1589283339
Codec,5,testDiscardWhitespace,12.05.2020 13:16:54,1589282214
Codec,5,testDecodePadMarkerIndex2,12.05.2020 13:37:24,1589283444
Codec,5,testCodeInteger3,12.05.2020 13:08:32,1589281712
Codec,5,testObjectEncodeWithValidParameter,12.05.2020 13:21:27,1589282487
Codec,5,testObjectDecodeWithValidParameter,12.05.2020 13:24:29,1589282669
Codec,5,testIsArrayByteBase64,12.05.2020 13:07:51,1589281671
Codec,5,testDecodeWithWhitespace,12.05.2020 13:13:25,1589282005
Codec,5,testNonBase64Test,12.05.2020 13:19:36,1589282376
Codec,5,testDecodePadOnly,12.05.2020 13:27:09,1589282829
Codec,5,testEmptyBase64,12.05.2020 13:29:18,1589282958
Codec,5,testTripletsChunked,12.05.2020 13:27:12,1589282832
Codec,5,testPairs,12.05.2020 13:09:56,1589281796
Codec,5,testUUID,12.05.2020 13:33:31,1589283211
Codec,5,testRfc2045Section6Dot8ChunkSizeDefinition,12.05.2020 13:12:00,1589281920
Codec,5,testObjectEncode,12.05.2020 13:12:42,1589281962
Codec,5,testSingletons,12.05.2020 13:38:16,1589283496
Codec,5,testIsUrlSafe,12.05.2020 13:14:06,1589282046
Codec,5,testEncodeDecodeSmall,12.05.2020 13:30:46,1589283046
Codec,5,testEncodeDecodeRandom,12.05.2020 13:31:40,1589283100
Codec,5,testStringToByteVariations,12.05.2020 13:10:37,1589281837
Codec,5,testIgnoringNonBase64InDecode,12.05.2020 13:14:48,1589282088
Codec,5,testRfc4648Section10Encode,12.05.2020 13:38:56,1589283536
Codec,5,testRfc2045Section2Dot1CrLfDefinition,12.05.2020 13:11:18,1589281878
Codec,5,testUrlSafe,12.05.2020 13:22:21,1589282541
Codec,5,testRfc4648Section10DecodeWithCrLf,12.05.2020 13:26:26,1589282786
Codec,5,testChunkedEncodeMultipleOf76,12.05.2020 13:23:04,1589282584
Codec,5,testKnownEncodings,12.05.2020 13:15:30,1589282130
Codec,5,testSingletonsChunked,12.05.2020 13:30:05,1589283005
Codec,5,testRfc1421Section6Dot8ChunkSizeDefinition,12.05.2020 13:34:13,1589283253
Codec,5,testKnownDecodings,12.05.2020 13:27:53,1589282873
Codec,5,testConstructor_Int_ByteArray_Boolean,12.05.2020 13:18:26,1589282306
Codec,5,testByteToStringVariations,12.05.2020 13:20:47,1589282447
Codec,5,testDecodePadOnlyChunked,12.05.2020 13:23:46,1589282626
Codec,5,testTriplets,12.05.2020 13:17:43,1589282263
Codec,5,testDecodePadMarkerIndex3,12.05.2020 13:09:11,1589281751
Codec,5,testRfc4648Section10Decode,12.05.2020 13:16:14,1589282174
Codec,5,testCodeInteger4,12.05.2020 13:25:13,1589282713
Codec,5,testCodeInteger1,12.05.2020 13:34:57,1589283297
Codec,5,testDecodeObjects,12.05.2020 13:44:14,1589283854
Codec,5,testEncodeObjects,12.05.2020 13:43:07,1589283787
Codec,5,testEncodeStringWithNull,12.05.2020 13:42:32,1589283752
Codec,5,testNullInput,12.05.2020 13:41:19,1589283679
Codec,5,testDecodeStringWithNull,12.05.2020 13:40:42,1589283642
Codec,5,testInvalidEncoding,12.05.2020 13:39:32,1589283572
Codec,5,testBasicEncodeDecode,12.05.2020 13:43:40,1589283820
Codec,5,testUTF8RoundTrip,12.05.2020 13:40:08,1589283608
Codec,5,testEncodeDecodeNull,12.05.2020 13:41:54,1589283714
Codec,6,testRead0,12.05.2020 13:49:18,1589284158
Codec,6,testCodec101,12.05.2020 13:47:31,1589284051
Codec,6,testCodec98NPE,12.05.2020 13:46:54,1589284014
Codec,6,testMarkSupported,12.05.2020 13:48:07,1589284087
Codec,6,testReadNull,12.05.2020 13:46:19,1589283979
Codec,6,testReadOutOfBounds,12.05.2020 13:48:42,1589284122
Codec,7,testRead0,12.05.2020 14:06:30,1589285190
Codec,7,testCodec101,12.05.2020 14:03:11,1589284991
Codec,7,testCodec98NPE,12.05.2020 14:04:18,1589285058
Codec,7,testMarkSupported,12.05.2020 14:04:50,1589285090
Codec,7,testInputStreamReader,12.05.2020 14:05:58,1589285158
Codec,7,testReadNull,12.05.2020 14:03:45,1589285025
Codec,7,testReadOutOfBounds,12.05.2020 14:05:23,1589285123
Codec,7,testStaticEncodeChunked,12.05.2020 14:01:43,1589284903
Codec,7,testBinaryDecoder,12.05.2020 14:01:13,1589284873
Codec,7,testEncoder,12.05.2020 14:02:38,1589284958
Codec,7,testStaticDecodeChunked,12.05.2020 13:59:22,1589284762
Codec,7,testStaticDecode,12.05.2020 14:00:18,1589284818
Codec,7,testDecoder,12.05.2020 14:02:10,1589284930
Codec,7,testBinaryEncoder,12.05.2020 14:00:46,1589284846
Codec,7,testStaticEncode,12.05.2020 13:59:51,1589284791
Codec,7,testWriteToNullCoverage,12.05.2020 14:07:03,1589285223
Codec,7,testCodec98NPE,12.05.2020 14:08:09,1589285289
Codec,7,testWriteOutOfBounds,12.05.2020 14:07:36,1589285256
Codec,7,testCodeInteger2,12.05.2020 14:32:52,1589286772
Codec,7,testConstructor_Int_ByteArray_Boolean_UrlSafe,12.05.2020 14:09:29,1589285369
Codec,7,testBase64,12.05.2020 14:20:36,1589286036
Codec,7,testDiscardWhitespace,12.05.2020 14:08:48,1589285328
Codec,7,testDecodePadMarkerIndex2,12.05.2020 14:25:12,1589286312
Codec,7,testCodeInteger3,12.05.2020 14:23:15,1589286195
Codec,7,testObjectEncodeWithValidParameter,12.05.2020 14:30:55,1589286655
Codec,7,testObjectDecodeWithValidParameter,12.05.2020 14:10:50,1589285450
Codec,7,testIsArrayByteBase64,12.05.2020 14:22:34,1589286154
Codec,7,testDecodeWithWhitespace,12.05.2020 14:27:08,1589286428
Codec,7,testNonBase64Test,12.05.2020 14:23:53,1589286233
Codec,7,testDecodePadOnly,12.05.2020 14:13:01,1589285581
Codec,7,testEmptyBase64,12.05.2020 14:28:23,1589286503
Codec,7,testTripletsChunked,12.05.2020 14:19:57,1589285997
Codec,7,testPairs,12.05.2020 14:24:33,1589286273
Codec,7,testUUID,12.05.2020 14:21:16,1589286076
Codec,7,testRfc2045Section6Dot8ChunkSizeDefinition,12.05.2020 14:15:40,1589285740
Codec,7,testObjectEncode,12.05.2020 14:10:09,1589285409
Codec,7,testSingletons,12.05.2020 14:17:47,1589285867
Codec,7,testIsUrlSafe,12.05.2020 14:26:31,1589286391
Codec,7,testEncodeDecodeSmall,12.05.2020 14:33:31,1589286811
Codec,7,testEncodeDecodeRandom,12.05.2020 14:11:42,1589285502
Codec,7,testStringToByteVariations,12.05.2020 14:13:44,1589285624
Codec,7,testIgnoringNonBase64InDecode,12.05.2020 14:25:53,1589286353
Codec,7,testRfc4648Section10Encode,12.05.2020 14:29:00,1589286540
Codec,7,testRfc2045Section2Dot1CrLfDefinition,12.05.2020 14:29:36,1589286576
Codec,7,testUrlSafe,12.05.2020 14:35:02,1589286902
Codec,7,testRfc4648Section10DecodeWithCrLf,12.05.2020 14:32:12,1589286732
Codec,7,testChunkedEncodeMultipleOf76,12.05.2020 14:15:04,1589285704
Codec,7,testKnownEncodings,12.05.2020 14:34:09,1589286849
Codec,7,testSingletonsChunked,12.05.2020 14:18:30,1589285910
Codec,7,testRfc1421Section6Dot8ChunkSizeDefinition,12.05.2020 14:27:45,1589286465
Codec,7,testKnownDecodings,12.05.2020 14:35:41,1589286941
Codec,7,testConstructor_Int_ByteArray_Boolean,12.05.2020 14:30:15,1589286615
Codec,7,testByteToStringVariations,12.05.2020 14:17:00,1589285820
Codec,7,testDecodePadOnlyChunked,12.05.2020 14:12:22,1589285542
Codec,7,testTriplets,12.05.2020 14:19:13,1589285953
Codec,7,testDecodePadMarkerIndex3,12.05.2020 14:16:20,1589285780
Codec,7,testRfc4648Section10Decode,12.05.2020 14:14:24,1589285664
Codec,7,testCodeInteger4,12.05.2020 14:21:57,1589286117
Codec,7,testCodeInteger1,12.05.2020 14:31:33,1589286693
Codec,7,testDecodeObjects,12.05.2020 14:37:14,1589287034
Codec,7,testEncodeObjects,12.05.2020 14:38:56,1589287136
Codec,7,testEncodeStringWithNull,12.05.2020 14:36:12,1589286972
Codec,7,testNullInput,12.05.2020 14:39:33,1589287173
Codec,7,testDecodeStringWithNull,12.05.2020 14:40:06,1589287206
Codec,7,testInvalidEncoding,12.05.2020 14:38:22,1589287102
Codec,7,testBasicEncodeDecode,12.05.2020 14:40:37,1589287237
Codec,7,testUTF8RoundTrip,12.05.2020 14:37:47,1589287067
Codec,7,testEncodeDecodeNull,12.05.2020 14:36:44,1589287004
Codec,8,testRead0,12.05.2020 14:55:14,1589288114
Codec,8,testCodec101,12.05.2020 14:56:54,1589288214
Codec,8,testCodec98NPE,12.05.2020 14:58:00,1589288280
Codec,8,testMarkSupported,12.05.2020 14:56:20,1589288180
Codec,8,testInputStreamReader,12.05.2020 14:57:27,1589288247
Codec,8,testReadNull,12.05.2020 14:55:48,1589288148
Codec,8,testReadOutOfBounds,12.05.2020 14:54:42,1589288082
Codec,8,testStaticEncodeChunked,12.05.2020 14:51:48,1589287908
Codec,8,testBinaryDecoder,12.05.2020 14:53:38,1589288018
Codec,8,testEncoder,12.05.2020 14:50:53,1589287853
Codec,8,testStaticDecodeChunked,12.05.2020 14:52:16,1589287936
Codec,8,testStaticDecode,12.05.2020 14:52:42,1589287962
Codec,8,testDecoder,12.05.2020 14:51:20,1589287880
Codec,8,testBinaryEncoder,12.05.2020 14:53:09,1589287989
Codec,8,testStaticEncode,12.05.2020 14:54:06,1589288046
Codec,8,testWriteToNullCoverage,12.05.2020 14:59:38,1589288378
Codec,8,testCodec98NPE,12.05.2020 14:59:05,1589288345
Codec,8,testWriteOutOfBounds,12.05.2020 14:58:33,1589288313
Codec,8,testCodeInteger2,12.05.2020 15:14:44,1589289284
Codec,8,testConstructor_Int_ByteArray_Boolean_UrlSafe,12.05.2020 15:10:52,1589289052
Codec,8,testBase64,12.05.2020 15:26:54,1589290014
Codec,8,testDiscardWhitespace,12.05.2020 15:08:17,1589288897
Codec,8,testDecodePadMarkerIndex2,12.05.2020 15:07:38,1589288858
Codec,8,testCodeInteger3,12.05.2020 15:02:19,1589288539
Codec,8,testObjectEncodeWithValidParameter,12.05.2020 15:18:02,1589289482
Codec,8,testObjectDecodeWithValidParameter,12.05.2020 15:03:37,1589288617
Codec,8,testIsArrayByteBase64,12.05.2020 15:14:06,1589289246
Codec,8,testDecodeWithWhitespace,12.05.2020 15:04:14,1589288654
Codec,8,testNonBase64Test,12.05.2020 15:16:43,1589289403
Codec,8,testDecodePadOnly,12.05.2020 15:24:21,1589289861
Codec,8,testEmptyBase64,12.05.2020 15:04:53,1589288693
Codec,8,testTripletsChunked,12.05.2020 15:11:35,1589289095
Codec,8,testPairs,12.05.2020 15:02:59,1589288579
Codec,8,testUUID,12.05.2020 15:13:27,1589289207
Codec,8,testRfc2045Section6Dot8ChunkSizeDefinition,12.05.2020 15:10:12,1589289012
Codec,8,testObjectEncode,12.05.2020 15:01:40,1589288500
Codec,8,testSingletons,12.05.2020 15:07:02,1589288822
Codec,8,testIsUrlSafe,12.05.2020 15:21:35,1589289695
Codec,8,testEncodeDecodeSmall,12.05.2020 15:25:00,1589289900
Codec,8,testEncodeDecodeRandom,12.05.2020 15:19:34,1589289574
Codec,8,testStringToByteVariations,12.05.2020 15:09:34,1589288974
Codec,8,testIgnoringNonBase64InDecode,12.05.2020 15:23:42,1589289822
Codec,8,testRfc4648Section10Encode,12.05.2020 15:00:21,1589288421
Codec,8,testRfc2045Section2Dot1CrLfDefinition,12.05.2020 15:12:12,1589289132
Codec,8,testUrlSafe,12.05.2020 15:23:03,1589289783
Codec,8,testRfc4648Section10DecodeWithCrLf,12.05.2020 15:20:13,1589289613
Codec,8,testChunkedEncodeMultipleOf76,12.05.2020 15:15:23,1589289323
Codec,8,testKnownEncodings,12.05.2020 15:25:38,1589289938
Codec,8,testSingletonsChunked,12.05.2020 15:20:59,1589289659
Codec,8,testRfc1421Section6Dot8ChunkSizeDefinition,12.05.2020 15:16:01,1589289361
Codec,8,testKnownDecodings,12.05.2020 15:26:15,1589289975
Codec,8,testConstructor_Int_ByteArray_Boolean,12.05.2020 15:18:40,1589289520
Codec,8,testByteToStringVariations,12.05.2020 15:17:24,1589289444
Codec,8,testDecodePadOnlyChunked,12.05.2020 15:08:55,1589288935
Codec,8,testTriplets,12.05.2020 15:06:14,1589288774
Codec,8,testDecodePadMarkerIndex3,12.05.2020 15:05:30,1589288730
Codec,8,testRfc4648Section10Decode,12.05.2020 15:22:12,1589289732
Codec,8,testCodeInteger4,12.05.2020 15:12:49,1589289169
Codec,8,testCodeInteger1,12.05.2020 15:00:59,1589288459
Codec,8,testDecodeObjects,12.05.2020 15:28:34,1589290114
Codec,8,testEncodeObjects,12.05.2020 15:31:26,1589290286
Codec,8,testEncodeStringWithNull,12.05.2020 15:29:43,1589290183
Codec,8,testNullInput,12.05.2020 15:27:28,1589290048
Codec,8,testDecodeStringWithNull,12.05.2020 15:31:59,1589290319
Codec,8,testInvalidEncoding,12.05.2020 15:30:18,1589290218
Codec,8,testBasicEncodeDecode,12.05.2020 15:29:11,1589290151
Codec,8,testUTF8RoundTrip,12.05.2020 15:30:52,1589290252
Codec,8,testEncodeDecodeNull,12.05.2020 15:28:01,1589290081
Codec,9,testRead0,12.05.2020 15:49:01,1589291341
Codec,9,testCodec101,12.05.2020 15:47:21,1589291241
Codec,9,testCodec98NPE,12.05.2020 15:47:55,1589291275
Codec,9,testMarkSupported,12.05.2020 15:46:47,1589291207
Codec,9,testInputStreamReader,12.05.2020 15:49:37,1589291377
Codec,9,testReadNull,12.05.2020 15:48:28,1589291308
Codec,9,testReadOutOfBounds,12.05.2020 15:50:12,1589291412
Codec,9,testStaticEncodeChunked,12.05.2020 15:43:24,1589291004
Codec,9,testBinaryDecoder,12.05.2020 15:44:48,1589291088
Codec,9,testEncoder,12.05.2020 15:44:21,1589291061
Codec,9,testStaticDecodeChunked,12.05.2020 15:42:56,1589290976
Codec,9,testStaticDecode,12.05.2020 15:45:16,1589291116
Codec,9,testDecoder,12.05.2020 15:45:45,1589291145
Codec,9,testBinaryEncoder,12.05.2020 15:43:53,1589291033
Codec,9,testStaticEncode,12.05.2020 15:46:13,1589291173
Codec,9,testWriteToNullCoverage,12.05.2020 15:50:45,1589291445
Codec,9,testCodec98NPE,12.05.2020 15:51:51,1589291511
Codec,9,testWriteOutOfBounds,12.05.2020 15:51:17,1589291477
Codec,9,testCodeInteger2,12.05.2020 16:00:50,1589292050
Codec,9,testConstructor_Int_ByteArray_Boolean_UrlSafe,12.05.2020 16:05:28,1589292328
Codec,9,testBase64,12.05.2020 16:07:34,1589292454
Codec,9,testDecodePadMarkerIndex2,12.05.2020 16:17:48,1589293068
Codec,9,testCodeInteger3,12.05.2020 15:52:30,1589291550
Codec,9,testObjectEncodeWithValidParameter,12.05.2020 16:15:46,1589292946
Codec,9,testObjectDecodeWithValidParameter,12.05.2020 16:21:41,1589293301
Codec,9,testIsArrayByteBase64,12.05.2020 16:04:11,1589292251
Codec,9,testDecodeWithWhitespace,12.05.2020 16:12:15,1589292735
Codec,9,testIsStringBase64,12.05.2020 16:13:34,1589292814
Codec,9,testNonBase64Test,12.05.2020 16:06:53,1589292413
Codec,9,testDecodePadOnly,12.05.2020 15:53:49,1589291629
Codec,9,testEmptyBase64,12.05.2020 16:19:46,1589293186
Codec,9,testTripletsChunked,12.05.2020 16:08:18,1589292498
Codec,9,testPairs,12.05.2020 16:03:32,1589292212
Codec,9,testCodeIntegerNull,12.05.2020 16:20:25,1589293225
Codec,9,testUUID,12.05.2020 15:56:31,1589291791
Codec,9,testConstructors,12.05.2020 16:02:51,1589292171
Codec,9,testRfc2045Section6Dot8ChunkSizeDefinition,12.05.2020 15:53:10,1589291590
Codec,9,testObjectEncode,12.05.2020 16:06:11,1589292371
Codec,9,testSingletons,12.05.2020 16:15:05,1589292905
Codec,9,testIsUrlSafe,12.05.2020 15:55:12,1589291712
Codec,9,testEncodeDecodeSmall,12.05.2020 16:10:55,1589292655
Codec,9,testEncodeDecodeRandom,12.05.2020 15:59:26,1589291966
Codec,9,testStringToByteVariations,12.05.2020 16:11:35,1589292695
Codec,9,testIgnoringNonBase64InDecode,12.05.2020 15:55:50,1589291750
Codec,9,testRfc4648Section10Encode,12.05.2020 15:57:09,1589291829
Codec,9,testRfc2045Section2Dot1CrLfDefinition,12.05.2020 16:10:58,1589292658
Codec,9,testUrlSafe,12.05.2020 15:57:54,1589291874
Codec,9,testObjectEncodeWithInvalidParameter,12.05.2020 16:21:03,1589293263
Codec,9,testRfc4648Section10DecodeWithCrLf,12.05.2020 16:14:15,1589292855
Codec,9,testChunkedEncodeMultipleOf76,12.05.2020 16:10:17,1589292617
Codec,9,testKnownEncodings,12.05.2020 16:09:37,1589292577
Codec,9,testSingletonsChunked,12.05.2020 15:54:35,1589291675
Codec,9,testRfc1421Section6Dot8ChunkSizeDefinition,12.05.2020 16:18:28,1589293108
Codec,9,testKnownDecodings,12.05.2020 15:58:33,1589291913
Codec,9,testConstructor_Int_ByteArray_Boolean,12.05.2020 16:16:28,1589292988
Codec,9,testByteToStringVariations,12.05.2020 16:04:49,1589292289
Codec,9,testDecodePadOnlyChunked,12.05.2020 16:19:07,1589293147
Codec,9,testTriplets,12.05.2020 16:00:10,1589292010
Codec,9,testObjectDecodeWithInvalidParameter,12.05.2020 16:02:12,1589292132
Codec,9,testDecodePadMarkerIndex3,12.05.2020 16:08:57,1589292537
Codec,9,testRfc4648Section10Decode,12.05.2020 16:12:55,1589292775
Codec,9,testCodeInteger4,12.05.2020 16:17:10,1589293030
Codec,9,testCodeInteger1,12.05.2020 16:01:32,1589292092
Codec,9,testDecodeObjects,12.05.2020 16:26:42,1589293602
Codec,9,testEncodeObjects,12.05.2020 16:22:45,1589293365
Codec,9,testEncodeStringWithNull,12.05.2020 16:26:08,1589293568
Codec,9,testNullInput,12.05.2020 16:22:13,1589293333
Codec,9,testDecodeStringWithNull,12.05.2020 16:23:53,1589293433
Codec,9,testInvalidEncoding,12.05.2020 16:25:34,1589293534
Codec,9,testBasicEncodeDecode,12.05.2020 16:23:19,1589293399
Codec,9,testUTF8RoundTrip,12.05.2020 16:25:01,1589293501
Codec,9,testEncodeDecodeNull,12.05.2020 16:24:26,1589293466
Codec,10,testIsCaverphoneEquals,12.05.2020 16:33:15,1589293995
Codec,10,testEndMb,12.05.2020 16:32:36,1589293956
Codec,10,testDavidHoodRevisitedRandomNameTTA1111111,12.05.2020 16:29:26,1589293766
Codec,10,testDavidHoodRevisitedExamples,12.05.2020 16:33:50,1589294030
Codec,10,testDavidHoodRevisitedRandomNameKLN1111111,12.05.2020 16:30:24,1589293824
Codec,10,testSpecificationExamples,12.05.2020 16:35:06,1589294106
Codec,10,testDavidHoodRevisitedRandomWords,12.05.2020 16:34:27,1589294067
Codec,10,testDavidHoodRevisitedCommonCodeAT11111111,12.05.2020 16:31:07,1589293867
Codec,10,testDavidHoodRevisitedRandomNameTN11111111,12.05.2020 16:32:01,1589293921
Codec,11,testDecodeObjects,12.05.2020 16:55:42,1589295342
Codec,11,testEncodeUrlWithNullBitSet,12.05.2020 16:53:48,1589295228
Codec,11,testEncodeObjects,12.05.2020 16:53:11,1589295191
Codec,11,testSkipNotEncodedCRLF,12.05.2020 16:47:32,1589294852
Codec,11,testDecodeWithNullArray,12.05.2020 16:51:14,1589295074
Codec,11,testEncodeStringWithNull,12.05.2020 16:51:53,1589295113
Codec,11,testUltimateSoftBreak,12.05.2020 16:59:32,1589295572
Codec,11,testDefaultEncoding,12.05.2020 17:00:10,1589295610
Codec,11,testDecodeStringWithNull,12.05.2020 16:57:36,1589295456
Codec,11,testSoftLineBreakDecode,12.05.2020 16:58:53,1589295533
Codec,11,testInvalidEncoding,12.05.2020 16:52:33,1589295153
Codec,11,testSafeCharEncodeDecode,12.05.2020 16:50:34,1589295034
Codec,11,testDecodeInvalid,12.05.2020 16:54:27,1589295267
Codec,11,testFinalBytes,12.05.2020 16:49:20,1589294960
Codec,11,testBasicEncodeDecode,12.05.2020 16:55:05,1589295305
Codec,11,testTrailingSpecial,12.05.2020 16:49:57,1589294997
Codec,11,testUnsafeEncodeDecode,12.05.2020 16:56:19,1589295379
Codec,11,testUTF8RoundTrip,12.05.2020 16:48:44,1589294924
Codec,11,testEncodeDecodeNull,12.05.2020 16:56:58,1589295418
Codec,11,testSoftLineBreakEncode,12.05.2020 16:48:08,1589294888
Codec,11,testEncodeNull,12.05.2020 16:58:15,1589295495
Codec,11,testDecodeObjects,12.05.2020 16:46:20,1589294780
Codec,11,testLetUsMakeCloverHappy,12.05.2020 16:44:34,1589294674
Codec,11,testEncodeObjects,12.05.2020 16:41:42,1589294502
Codec,11,testEncodeStringWithNull,12.05.2020 16:40:33,1589294433
Codec,11,testEncodeDecodeBlanks,12.05.2020 16:42:18,1589294538
Codec,11,testNullInput,12.05.2020 16:43:28,1589294608
Codec,11,testDecodeStringWithNull,12.05.2020 16:45:10,1589294710
Codec,11,testInvalidEncoding,12.05.2020 16:46:56,1589294816
Codec,11,testBasicEncodeDecode,12.05.2020 16:42:54,1589294574
Codec,11,testUnsafeEncodeDecode,12.05.2020 16:44:01,1589294641
Codec,11,testUTF8RoundTrip,12.05.2020 16:41:09,1589294469
Codec,11,testEncodeDecodeNull,12.05.2020 16:45:45,1589294745
Codec,12,testRead0,12.05.2020 17:18:23,1589296703
Codec,12,testCodec101,12.05.2020 17:21:28,1589296888
Codec,12,testCodec98NPE,12.05.2020 17:14:44,1589296484
Codec,12,testAvailable,12.05.2020 17:15:58,1589296558
Codec,12,testMarkSupported,12.05.2020 17:15:22,1589296522
Codec,12,testSkipBig,12.05.2020 17:22:05,1589296925
Codec,12,testSkipWrongArgument,12.05.2020 17:16:34,1589296594
Codec,12,testSkipPastEnd,12.05.2020 17:14:06,1589296446
Codec,12,testInputStreamReader,12.05.2020 17:17:46,1589296666
Codec,12,testSkipToEnd,12.05.2020 17:19:35,1589296775
Codec,12,testCodec130,12.05.2020 17:20:52,1589296852
Codec,12,testReadNull,12.05.2020 17:20:15,1589296815
Codec,12,testReadOutOfBounds,12.05.2020 17:18:59,1589296739
Codec,12,testSkipNone,12.05.2020 17:17:09,1589296629
Codec,12,testRead0,12.05.2020 17:11:57,1589296317
Codec,12,testCodec101,12.05.2020 17:13:00,1589296380
Codec,12,testCodec98NPE,12.05.2020 17:08:53,1589296133
Codec,12,testAvailable,12.05.2020 17:09:29,1589296169
Codec,12,testMarkSupported,12.05.2020 17:12:34,1589296354
Codec,12,testSkipBig,12.05.2020 17:10:43,1589296243
Codec,12,testSkipWrongArgument,12.05.2020 17:07:11,1589296031
Codec,12,testSkipPastEnd,12.05.2020 17:05:54,1589295954
Codec,12,testInputStreamReader,12.05.2020 17:13:26,1589296406
Codec,12,testSkipToEnd,12.05.2020 17:06:33,1589295993
Codec,12,testCodec130,12.05.2020 17:10:05,1589296205
Codec,12,testReadNull,12.05.2020 17:11:21,1589296281
Codec,12,testReadOutOfBounds,12.05.2020 17:08:26,1589296106
Codec,12,testSkipNone,12.05.2020 17:07:50,1589296070
Codec,13,testIsInAlphabetByte,12.05.2020 19:04:11,1589303051
Codec,13,testBaseNCodec,12.05.2020 19:00:32,1589302832
Codec,13,testContainsAlphabetOrPad,12.05.2020 19:01:11,1589302871
Codec,13,testIsWhiteSpace,12.05.2020 19:01:47,1589302907
Codec,13,testProvidePaddingByte,12.05.2020 19:02:59,1589302979
Codec,13,testIsInAlphabetString,12.05.2020 19:02:23,1589302943
Codec,13,testIsInAlphabetByteArrayBoolean,12.05.2020 19:03:36,1589303016
Codec,13,testDecodeObjects,12.05.2020 20:13:10,1589307190
Codec,13,testEncodeUrlWithNullBitSet,12.05.2020 20:19:47,1589307587
Codec,13,testEncodeObjects,12.05.2020 20:17:48,1589307468
Codec,13,testDecodeWithNullArray,12.05.2020 20:11:47,1589307107
Codec,13,testEncodeStringWithNull,12.05.2020 20:14:29,1589307269
Codec,13,testDefaultEncoding,12.05.2020 20:13:50,1589307230
Codec,13,testDecodeStringWithNull,12.05.2020 20:11:05,1589307065
Codec,13,testInvalidEncoding,12.05.2020 20:16:31,1589307391
Codec,13,testSafeCharEncodeDecode,12.05.2020 20:20:25,1589307625
Codec,13,testDecodeInvalid,12.05.2020 20:15:08,1589307308
Codec,13,testDecodeInvalidContent,12.05.2020 20:19:08,1589307548
Codec,13,testBasicEncodeDecode,12.05.2020 20:15:48,1589307348
Codec,13,testUnsafeEncodeDecode,12.05.2020 20:18:26,1589307506
Codec,13,testUTF8RoundTrip,12.05.2020 20:17:10,1589307430
Codec,13,testEncodeDecodeNull,12.05.2020 20:12:28,1589307148
Codec,13,testEncodeNull,12.05.2020 20:10:24,1589307024
Codec,13,testDecodeBadCharacterPos1,12.05.2020 19:04:50,1589303090
Codec,13,logException,12.05.2020 19:16:31,1589303791
Codec,13,testCustomCharsetBadName,12.05.2020 19:11:08,1589303468
Codec,13,testDecodeStringOddCharacters,12.05.2020 19:13:05,1589303585
Codec,13,testEncodeClassCastException,12.05.2020 19:13:43,1589303623
Codec,13,testEncodeEmpty,12.05.2020 19:10:29,1589303429
Codec,13,testDecodeHexOddCharacters1,12.05.2020 19:05:28,1589303128
Codec,13,testCustomCharsetToString,12.05.2020 19:09:53,1589303393
Codec,13,testDecodeHexOddCharacters3,12.05.2020 19:14:20,1589303660
Codec,13,testHelloWorldLowerCaseHex,12.05.2020 19:15:36,1589303736
Codec,13,testDecodeArrayOddCharacters,12.05.2020 19:12:26,1589303546
Codec,13,testDecodeHexOddCharacters5,12.05.2020 19:14:59,1589303699
Codec,13,testEncodeZeroes,12.05.2020 19:06:41,1589303201
Codec,13,testDencodeEmpty,12.05.2020 19:07:19,1589303239
Codec,13,testHelloWorldUpperCaseHex,12.05.2020 19:06:04,1589303164
Codec,13,testEncodeDecodeRandom,12.05.2020 19:09:16,1589303356
Codec,13,testDecodeBadCharacterPos0,12.05.2020 19:07:55,1589303275
Codec,13,testDecodeClassCastException,12.05.2020 19:11:47,1589303507
Codec,13,testDoubleMetaphoneAlternate,12.05.2020 19:39:34,1589305174
Codec,13,testDoubleMetaphonePrimary,12.05.2020 19:38:46,1589305126
Codec,13,testRandomBytes,12.05.2020 18:14:08,1589300048
Codec,13,testRandomBytesChunked,12.05.2020 18:13:33,1589300013
Codec,13,testBase32Samples,12.05.2020 18:12:59,1589299979
Codec,13,testBase32HexSamples,12.05.2020 18:11:47,1589299907
Codec,13,testBase32Chunked,12.05.2020 18:10:48,1589299848
Codec,13,testRandomBytesHex,12.05.2020 18:10:12,1589299812
Codec,13,testBase32SamplesNonDefaultPadding,12.05.2020 18:12:23,1589299943
Codec,13,testRead0,12.05.2020 18:17:55,1589300275
Codec,13,testCodec101,12.05.2020 18:21:40,1589300500
Codec,13,testCodec98NPE,12.05.2020 18:16:41,1589300201
Codec,13,testAvailable,12.05.2020 18:14:46,1589300086
Codec,13,testMarkSupported,12.05.2020 18:16:02,1589300162
Codec,13,testSkipBig,12.05.2020 18:21:02,1589300462
Codec,13,testSkipWrongArgument,12.05.2020 18:20:26,1589300426
Codec,13,testSkipPastEnd,12.05.2020 18:15:25,1589300125
Codec,13,testInputStreamReader,12.05.2020 18:17:17,1589300237
Codec,13,testSkipToEnd,12.05.2020 18:19:12,1589300352
Codec,13,testCodec130,12.05.2020 18:18:33,1589300313
Codec,13,testReadNull,12.05.2020 18:19:49,1589300389
Codec,13,testReadOutOfBounds,12.05.2020 18:22:56,1589300576
Codec,13,testSkipNone,12.05.2020 18:22:20,1589300540
Codec,13,testNewStringNullInput,12.05.2020 19:21:00,1589304060
Codec,13,testGetBytesUsAscii,12.05.2020 19:22:56,1589304176
Codec,13,testGetBytesUtf16,12.05.2020 19:19:06,1589303946
Codec,13,testGetBytesUtf8,12.05.2020 19:20:23,1589304023
Codec,13,testGetBytesUncheckedNullInput,12.05.2020 19:17:10,1589303830
Codec,13,testNewStringUtf16,12.05.2020 19:18:25,1589303905
Codec,13,testGetBytesUtf16Le,12.05.2020 19:26:11,1589304371
Codec,13,testGetBytesIso8859_1,12.05.2020 19:22:17,1589304137
Codec,13,testNewStringUsAscii,12.05.2020 19:23:35,1589304215
Codec,13,testNewStringUtf16Be,12.05.2020 19:24:14,1589304254
Codec,13,testNewStringIso8859_1,12.05.2020 19:19:45,1589303985
Codec,13,testNewStringBadEnc,12.05.2020 19:21:40,1589304100
Codec,13,testGetBytesUtf16Be,12.05.2020 19:26:50,1589304410
Codec,13,testNewStringUtf8,12.05.2020 19:24:54,1589304294
Codec,13,testNewStringUtf16Le,12.05.2020 19:17:48,1589303868
Codec,13,testGetBytesUncheckedBadName,12.05.2020 19:25:34,1589304334
Codec,13,testEmpty,12.05.2020 19:42:13,1589305333
Codec,13,testNTilde,12.05.2020 19:45:48,1589305548
Codec,13,doubleMetaphoneEqualTest,12.05.2020 19:43:30,1589305410
Codec,13,testCCedilla,12.05.2020 19:40:55,1589305255
Codec,13,testDoubleMetaphone,12.05.2020 19:40:13,1589305213
Codec,13,assertDoubleMetaphoneAlt,12.05.2020 19:42:53,1589305373
Codec,13,doubleMetaphoneNotEqualTest,12.05.2020 19:44:05,1589305445
Codec,13,testCodec184,12.05.2020 19:41:33,1589305293
Codec,13,testSetMaxCodeLength,12.05.2020 19:45:10,1589305510
Codec,13,testWriteToNullCoverage,12.05.2020 18:08:11,1589299691
Codec,13,testCodec98NPE,12.05.2020 18:07:37,1589299657
Codec,13,testWriteOutOfBounds,12.05.2020 18:08:46,1589299726
Codec,13,testDecodeObjects,12.05.2020 20:03:34,1589306614
Codec,13,testEncodeUrlWithNullBitSet,12.05.2020 20:04:55,1589306695
Codec,13,testEncodeObjects,12.05.2020 20:09:01,1589306941
Codec,13,testDecodeWithNullArray,12.05.2020 20:04:15,1589306655
Codec,13,testEncodeStringWithNull,12.05.2020 20:00:52,1589306452
Codec,13,testDefaultEncoding,12.05.2020 20:02:13,1589306533
Codec,13,testDecodeStringWithNull,12.05.2020 20:07:01,1589306821
Codec,13,testSoftLineBreakDecode,12.05.2020 20:08:20,1589306900
Codec,13,testInvalidEncoding,12.05.2020 19:59:26,1589306366
Codec,13,testSafeCharEncodeDecode,12.05.2020 20:02:54,1589306574
Codec,13,testDecodeInvalid,12.05.2020 20:06:20,1589306780
Codec,13,testBasicEncodeDecode,12.05.2020 20:01:31,1589306491
Codec,13,testUnsafeEncodeDecode,12.05.2020 19:59:30,1589306370
Codec,13,testUTF8RoundTrip,12.05.2020 20:09:42,1589306982
Codec,13,testEncodeDecodeNull,12.05.2020 20:05:38,1589306738
Codec,13,testSoftLineBreakEncode,12.05.2020 20:07:42,1589306862
Codec,13,testEncodeNull,12.05.2020 20:00:11,1589306411
Codec,13,testWriteToNullCoverage,12.05.2020 18:23:31,1589300611
Codec,13,testCodec98NPE,12.05.2020 18:24:39,1589300679
Codec,13,testWriteOutOfBounds,12.05.2020 18:24:05,1589300645
Codec,13,testCodeInteger2,12.05.2020 18:40:42,1589301642
Codec,13,testConstructor_Int_ByteArray_Boolean_UrlSafe,12.05.2020 18:59:14,1589302754
Codec,13,testBase64,12.05.2020 18:39:59,1589301599
Codec,13,testDecodeWithInnerPad,12.05.2020 18:48:34,1589302114
Codec,13,testDecodePadMarkerIndex2,12.05.2020 18:59:56,1589302796
Codec,13,testCodeInteger3,12.05.2020 18:30:15,1589301015
Codec,13,testObjectEncodeWithValidParameter,12.05.2020 18:38:31,1589301511
Codec,13,testObjectDecodeWithValidParameter,12.05.2020 18:57:43,1589302663
Codec,13,testIsArrayByteBase64,12.05.2020 18:33:11,1589301191
Codec,13,testDecodeWithWhitespace,12.05.2020 18:52:22,1589302342
Codec,13,testIsStringBase64,12.05.2020 18:30:56,1589301056
Codec,13,testNonBase64Test,12.05.2020 18:55:28,1589302528
Codec,13,testDecodePadOnly,12.05.2020 18:39:15,1589301555
Codec,13,testEmptyBase64,12.05.2020 18:37:46,1589301466
Codec,13,testTripletsChunked,12.05.2020 18:54:45,1589302485
Codec,13,testPairs,12.05.2020 18:34:52,1589301292
Codec,13,testCodeIntegerNull,12.05.2020 18:44:34,1589301874
Codec,13,testUUID,12.05.2020 18:32:26,1589301146
Codec,13,testConstructors,12.05.2020 18:43:52,1589301832
Codec,13,testRfc2045Section6Dot8ChunkSizeDefinition,12.05.2020 18:45:19,1589301919
Codec,13,testObjectEncode,12.05.2020 18:56:10,1589302570
Codec,13,testSingletons,12.05.2020 18:46:18,1589301978
Codec,13,testIsUrlSafe,12.05.2020 18:27:11,1589300831
Codec,13,testEncodeDecodeSmall,12.05.2020 18:29:28,1589300968
Codec,13,testEncodeDecodeRandom,12.05.2020 18:26:24,1589300784
Codec,13,testStringToByteVariations,12.05.2020 18:36:18,1589301378
Codec,13,testIgnoringNonBase64InDecode,12.05.2020 18:27:56,1589300876
Codec,13,testRfc4648Section10Encode,12.05.2020 18:51:37,1589302297
Codec,13,testRfc2045Section2Dot1CrLfDefinition,12.05.2020 18:37:03,1589301423
Codec,13,testUrlSafe,12.05.2020 18:34:08,1589301248
Codec,13,testObjectEncodeWithInvalidParameter,12.05.2020 18:28:43,1589300923
Codec,13,testRfc4648Section10DecodeWithCrLf,12.05.2020 18:53:55,1589302435
Codec,13,testChunkedEncodeMultipleOf76,12.05.2020 18:53:09,1589302389
Codec,13,testKnownEncodings,12.05.2020 18:47:51,1589302071
Codec,13,testSingletonsChunked,12.05.2020 18:43:05,1589301785
Codec,13,testRfc1421Section6Dot8ChunkSizeDefinition,12.05.2020 18:31:39,1589301099
Codec,13,testKnownDecodings,12.05.2020 18:49:20,1589302160
Codec,13,testConstructor_Int_ByteArray_Boolean,12.05.2020 18:56:57,1589302617
Codec,13,testByteToStringVariations,12.05.2020 18:41:27,1589301687
Codec,13,testDecodePadOnlyChunked,12.05.2020 18:50:05,1589302205
Codec,13,testTriplets,12.05.2020 18:42:15,1589301735
Codec,13,testObjectDecodeWithInvalidParameter,12.05.2020 18:58:28,1589302708
Codec,13,testDecodePadMarkerIndex3,12.05.2020 18:47:06,1589302026
Codec,13,testRfc4648Section10Decode,12.05.2020 18:50:49,1589302249
Codec,13,testCodeInteger4,12.05.2020 18:25:22,1589300722
Codec,13,testCodeInteger1,12.05.2020 18:35:34,1589301334
Codec,13,testRead0,12.05.2020 18:04:09,1589299449
Codec,13,testCodec101,12.05.2020 18:02:52,1589299372
Codec,13,testCodec98NPE,12.05.2020 18:02:24,1589299344
Codec,13,testAvailable,12.05.2020 18:01:18,1589299278
Codec,13,testMarkSupported,12.05.2020 18:01:55,1589299315
Codec,13,testSkipBig,12.05.2020 18:05:16,1589299516
Codec,13,testSkipWrongArgument,12.05.2020 18:03:29,1589299409
Codec,13,testSkipPastEnd,12.05.2020 17:59:26,1589299166
Codec,13,testInputStreamReader,12.05.2020 18:04:37,1589299477
Codec,13,testSkipToEnd,12.05.2020 18:07:10,1589299630
Codec,13,testCodec130,12.05.2020 18:05:55,1589299555
Codec,13,testReadNull,12.05.2020 18:00:40,1589299240
Codec,13,testReadOutOfBounds,12.05.2020 18:00:03,1589299203
Codec,13,testSkipNone,12.05.2020 18:06:33,1589299593
Codec,13,testDecodeObjects,12.05.2020 19:58:45,1589306325
Codec,13,testLetUsMakeCloverHappy,12.05.2020 19:57:33,1589306253
Codec,13,testEncodeObjects,12.05.2020 19:51:54,1589305914
Codec,13,testEncodeStringWithNull,12.05.2020 19:58:10,1589306290
Codec,13,testEncodeDecodeBlanks,12.05.2020 19:55:39,1589306139
Codec,13,testNullInput,12.05.2020 19:53:47,1589306027
Codec,13,testDecodeStringWithNull,12.05.2020 19:56:55,1589306215
Codec,13,testInvalidEncoding,12.05.2020 19:55:03,1589306103
Codec,13,testBasicEncodeDecode,12.05.2020 19:56:17,1589306177
Codec,13,testUnsafeEncodeDecode,12.05.2020 19:52:32,1589305952
Codec,13,testUTF8RoundTrip,12.05.2020 19:54:24,1589306064
Codec,13,testEncodeDecodeNull,12.05.2020 19:53:10,1589305990
Codec,13,testDecodeObjects,12.05.2020 19:46:24,1589305584
Codec,13,testEncodeObjects,12.05.2020 19:49:28,1589305768
Codec,13,testEncodeStringWithNull,12.05.2020 19:50:05,1589305805
Codec,13,testNullInput,12.05.2020 19:47:36,1589305656
Codec,13,testDecodeStringWithNull,12.05.2020 19:50:43,1589305843
Codec,13,testInvalidEncoding,12.05.2020 19:48:14,1589305694
Codec,13,testBasicEncodeDecode,12.05.2020 19:48:51,1589305731
Codec,13,testUTF8RoundTrip,12.05.2020 19:51:19,1589305879
Codec,13,testEncodeDecodeNull,12.05.2020 19:47:01,1589305621
Codec,13,testInternalNoSuchAlgorithmException,12.05.2020 19:30:44,1589304644
Codec,13,testShaHex,12.05.2020 19:36:37,1589304997
Codec,13,testSha512,12.05.2020 19:29:24,1589304564
Codec,13,testSha256,12.05.2020 19:31:25,1589304685
Codec,13,testMd5HexLength,12.05.2020 19:32:44,1589304764
Codec,13,testSha1UpdateWithByteArray,12.05.2020 19:32:05,1589304725
Codec,13,testMd5Hex,12.05.2020 19:35:19,1589304919
Codec,13,testSha1Hex,12.05.2020 19:34:41,1589304881
Codec,13,testSha1UpdateWithString,12.05.2020 19:28:06,1589304486
Codec,13,testShaUpdateWithString,12.05.2020 19:28:45,1589304525
Codec,13,testSha384,12.05.2020 19:34:00,1589304840
Codec,13,testShaUpdateWithByteArray,12.05.2020 19:30:05,1589304605
Codec,13,testMd5Length,12.05.2020 19:37:55,1589305075
Codec,13,testMd2HexLength,12.05.2020 19:33:21,1589304801
Codec,13,testConstructable,12.05.2020 19:27:28,1589304448
Codec,13,testMd2Hex,12.05.2020 19:35:59,1589304959
Codec,13,testMd2Length,12.05.2020 19:37:16,1589305036
Codec,13,testComparatorWithSoundex,12.05.2020 17:58:14,1589299094
Codec,13,testComparatorWithDoubleMetaphoneAndInvalidInput,12.05.2020 17:57:38,1589299058
Codec,13,testComparatorWithDoubleMetaphone,12.05.2020 17:58:49,1589299129
Codec,14,testLanguageGuessing,12.05.2020 20:41:28,1589308888
Codec,14,testCompatibilityWithOriginalVersion,12.05.2020 20:43:55,1589309035
Codec,14,testSolrASHKENAZI,12.05.2020 20:42:20,1589308940
Codec,14,testSolrSEPHARDIC,12.05.2020 20:43:10,1589308990
Codec,14,testSolrGENERIC,12.05.2020 20:44:56,1589309096
Codec,14,testPhonemeComparedToSelfIsZero,12.05.2020 20:46:12,1589309172
Codec,14,testPhonemeComparedToLaterIsNegative,12.05.2020 20:46:49,1589309209
Codec,14,testSubSequenceWorks,12.05.2020 20:45:34,1589309134
Codec,14,testAsciiEncodeNotEmpty1Letter,12.05.2020 20:30:44,1589308244
Codec,14,testSetRuleTypeExact,12.05.2020 20:32:51,1589308371
Codec,14,testSetConcat,12.05.2020 20:37:48,1589308668
Codec,14,testInvalidLangIllegalArgumentException,12.05.2020 20:29:42,1589308182
Codec,14,testSetNameTypeAsh,12.05.2020 20:29:02,1589308142
Codec,14,testEncodeAtzNotEmpty,12.05.2020 20:32:12,1589308332
Codec,14,testInvalidLangIllegalStateException,12.05.2020 20:40:44,1589308844
Codec,14,testAsciiEncodeNotEmpty2Letters,12.05.2020 20:37:45,1589308665
Codec,14,testNegativeIndexForRuleMatchIndexOutOfBoundsException,12.05.2020 20:39:09,1589308749
Codec,14,testInvalidLanguageIllegalArgumentException,12.05.2020 20:38:29,1589308709
Codec,14,testOOM,12.05.2020 20:40:03,1589308803
Codec,14,testSetRuleTypeToRulesIllegalArgumentException,12.05.2020 20:31:25,1589308285
Codec,15,testMsSqlServer3,12.05.2020 21:07:05,1589310425
Codec,15,testNewInstance,12.05.2020 20:55:21,1589309721
Codec,15,testEncodeBatch3,12.05.2020 21:08:26,1589310506
Codec,15,testUsMappingEWithAcute,12.05.2020 21:05:38,1589310338
Codec,15,testEncodeBatch4,12.05.2020 21:06:22,1589310382
Codec,15,testUsMappingOWithDiaeresis,12.05.2020 20:57:20,1589309840
Codec,15,testEncodeBatch2,12.05.2020 20:59:22,1589309962
Codec,15,testEncodeBasic,12.05.2020 21:02:06,1589310126
Codec,15,testHWRuleEx3,12.05.2020 21:02:49,1589310169
Codec,15,testBadCharacters,12.05.2020 20:58:00,1589309880
Codec,15,testDifference,12.05.2020 20:56:03,1589309763
Codec,15,testB650,12.05.2020 21:10:30,1589310630
Codec,15,testHWRuleEx2,12.05.2020 21:03:30,1589310210
Codec,15,testEncodeIgnoreTrimmable,12.05.2020 21:07:46,1589310466
Codec,15,testNewInstance3,12.05.2020 21:00:46,1589310046
Codec,15,testEncodeIgnoreApostrophes,12.05.2020 20:56:42,1589309802
Codec,15,testMsSqlServer1,12.05.2020 20:54:39,1589309679
Codec,15,testNewInstance2,12.05.2020 21:00:02,1589310002
Codec,15,testMsSqlServer2,12.05.2020 21:09:06,1589310546
Codec,15,testUsEnglishStatic,12.05.2020 20:58:40,1589309920
Codec,15,testWikipediaAmericanSoundex,12.05.2020 21:09:48,1589310588
Codec,15,testEncodeIgnoreHyphens,12.05.2020 21:04:55,1589310295
Codec,15,testSoundexUtilsNullBehaviour,12.05.2020 21:04:12,1589310252
Codec,15,testHWRuleEx1,12.05.2020 21:01:26,1589310086
Codec,15,testComparatorWithSoundex,12.05.2020 20:52:48,1589309568
Codec,15,testComparatorWithDoubleMetaphoneAndInvalidInput,12.05.2020 20:53:24,1589309604
Codec,15,testComparatorWithDoubleMetaphone,12.05.2020 20:53:59,1589309639
Codec,16,testCodec200,12.05.2020 21:31:52,1589311912
Codec,16,testRandomBytes,12.05.2020 21:28:53,1589311733
Codec,16,testRandomBytesChunked,12.05.2020 21:32:29,1589311949
Codec,16,testBase32Samples,12.05.2020 21:30:41,1589311841
Codec,16,testBase32HexSamples,12.05.2020 21:29:30,1589311770
Codec,16,testBase32Chunked,12.05.2020 21:27:49,1589311669
Codec,16,testRandomBytesHex,12.05.2020 21:31:16,1589311876
Codec,16,testBase32SamplesNonDefaultPadding,12.05.2020 21:30:05,1589311805
Codec,16,testWriteToNullCoverage,12.05.2020 21:26:16,1589311576
Codec,16,testCodec98NPE,12.05.2020 21:25:04,1589311504
Codec,16,testWriteOutOfBounds,12.05.2020 21:25:40,1589311540
Codec,16,testRead0,12.05.2020 21:16:30,1589310990
Codec,16,testCodec101,12.05.2020 21:18:47,1589311127
Codec,16,testCodec98NPE,12.05.2020 21:21:55,1589311315
Codec,16,testAvailable,12.05.2020 21:22:35,1589311355
Codec,16,testMarkSupported,12.05.2020 21:20:45,1589311245
Codec,16,testSkipBig,12.05.2020 21:23:52,1589311432
Codec,16,testSkipWrongArgument,12.05.2020 21:17:09,1589311029
Codec,16,testSkipPastEnd,12.05.2020 21:24:34,1589311474
Codec,16,testInputStreamReader,12.05.2020 21:18:19,1589311099
Codec,16,testSkipToEnd,12.05.2020 21:19:27,1589311167
Codec,16,testCodec130,12.05.2020 21:23:15,1589311395
Codec,16,testReadNull,12.05.2020 21:20:06,1589311206
Codec,16,testReadOutOfBounds,12.05.2020 21:21:26,1589311286
Codec,16,testSkipNone,12.05.2020 21:17:49,1589311069
Codec,17,testIsInAlphabetByte,12.05.2020 23:53:45,1589320425
Codec,17,testBaseNCodec,12.05.2020 23:52:20,1589320340
Codec,17,testContainsAlphabetOrPad,12.05.2020 23:54:26,1589320466
Codec,17,testIsWhiteSpace,12.05.2020 23:50:53,1589320253
Codec,17,testProvidePaddingByte,12.05.2020 23:55:08,1589320508
Codec,17,testIsInAlphabetString,12.05.2020 23:53:01,1589320381
Codec,17,testIsInAlphabetByteArrayBoolean,12.05.2020 23:51:37,1589320297
Codec,17,testDecodeObjects,13.05.2020 03:14:54,1589332494
Codec,17,testEncodeUrlWithNullBitSet,13.05.2020 03:01:02,1589331662
Codec,17,testEncodeObjects,13.05.2020 03:11:59,1589332319
Codec,17,testDecodeWithNullArray,13.05.2020 03:04:59,1589331899
Codec,17,testEncodeStringWithNull,13.05.2020 03:02:02,1589331722
Codec,17,testDefaultEncoding,13.05.2020 03:12:30,1589332350
Codec,17,testDecodeStringWithNull,13.05.2020 03:11:17,1589332277
Codec,17,testInvalidEncoding,13.05.2020 03:08:25,1589332105
Codec,17,testSafeCharEncodeDecode,13.05.2020 03:14:12,1589332452
Codec,17,testDecodeInvalid,13.05.2020 03:05:41,1589331941
Codec,17,testDecodeInvalidContent,13.05.2020 03:13:00,1589332380
Codec,17,testBasicEncodeDecode,13.05.2020 03:03:58,1589331838
Codec,17,testUnsafeEncodeDecode,13.05.2020 03:15:36,1589332536
Codec,17,testUTF8RoundTrip,13.05.2020 03:02:46,1589331766
Codec,17,testEncodeDecodeNull,13.05.2020 03:07:53,1589332073
Codec,17,testEncodeNull,13.05.2020 03:10:21,1589332221
Codec,17,testInternalNoSuchAlgorithmException,13.05.2020 01:40:03,1589326803
Codec,17,testSecretKeySpecAllowsEmtyKeys,13.05.2020 01:32:20,1589326340
Codec,17,testSha512HMac,13.05.2020 01:45:04,1589327104
Codec,17,testSha1HMac,13.05.2020 01:52:46,1589327566
Codec,17,testEmptyKey,13.05.2020 01:19:43,1589325583
Codec,17,testSha256HMac,13.05.2020 01:51:41,1589327501
Codec,17,testInitializedMacNullAlgo,13.05.2020 01:23:37,1589325817
Codec,17,testSha256HMacFail,13.05.2020 01:39:30,1589326770
Codec,17,testMd5HMac,13.05.2020 01:54:29,1589327669
Codec,17,testInitializedMacNullKey,13.05.2020 01:30:39,1589326239
Codec,17,testNullKey,13.05.2020 01:33:56,1589326436
Codec,17,testGetHMac,13.05.2020 01:38:26,1589326706
Codec,17,testHmacSha1UpdateWithByteArray,13.05.2020 01:29:34,1589326174
Codec,17,testInitializedMac,13.05.2020 01:36:20,1589326580
Codec,17,testSha384HMac,13.05.2020 01:50:27,1589327427
Codec,17,testHmacSha1UpdateWithString,13.05.2020 01:26:07,1589325967
Codec,17,testSha1HMacFail,13.05.2020 01:21:54,1589325714
Codec,17,testHmacSha1Hex,13.05.2020 01:51:03,1589327463
Codec,17,testHmacMd5Hex,13.05.2020 01:45:42,1589327142
Codec,17,testHmacSha1UpdateWithInpustream,13.05.2020 01:27:13,1589326033
Codec,17,testSha512HMacFail,13.05.2020 01:21:24,1589325684
Codec,17,testSha384HMacFail,13.05.2020 01:32:50,1589326370
Codec,17,testMd5HMacFail,13.05.2020 01:46:12,1589327172
Codec,17,testDecodeBadCharacterPos1,13.05.2020 00:26:56,1589322416
Codec,17,testEncodeHexByteString_ByteArrayBoolean_ToLowerCase,13.05.2020 00:26:10,1589322370
Codec,17,logException,13.05.2020 00:05:26,1589321126
Codec,17,testCustomCharsetBadName,13.05.2020 00:19:49,1589321989
Codec,17,testDecodeHexStringOddCharacters1,13.05.2020 00:24:33,1589322273
Codec,17,testEncodeClassCastException,13.05.2020 00:14:07,1589321647
Codec,17,testDecodeByteArrayOddCharacters,13.05.2020 00:07:03,1589321223
Codec,17,testEncodeHexByteString_ByteBufferBoolean_ToUpperCase,13.05.2020 00:13:19,1589321599
Codec,17,testEncodeDecodeHexCharArrayRandom,13.05.2020 00:09:25,1589321365
Codec,17,testDecodeHexStringOddCharacters,12.05.2020 23:59:29,1589320769
Codec,17,testEncodeHexByteString_ByteArrayBoolean_ToUpperCase,13.05.2020 00:10:11,1589321411
Codec,17,testCustomCharsetToString,13.05.2020 00:16:31,1589321791
Codec,17,testDecodeByteBufferObjectEmpty,13.05.2020 00:29:17,1589322557
Codec,17,testEncodeHexByteBufferEmpty,13.05.2020 00:14:56,1589321696
Codec,17,testDecodeHexCharArrayOddCharacters1,13.05.2020 00:21:25,1589322085
Codec,17,testDecodeByteBufferEmpty,13.05.2020 00:07:50,1589321270
Codec,17,testEncodeHexByteString_ByteBufferBoolean_ToLowerCase,12.05.2020 23:55:56,1589320556
Codec,17,testEncodeByteArrayEmpty,13.05.2020 00:17:22,1589321842
Codec,17,testEncodeByteBufferEmpty,13.05.2020 00:04:54,1589321094
Codec,17,testDecodeByteArrayObjectEmpty,13.05.2020 00:03:28,1589321008
Codec,17,testDecodeHexStringEmpty,13.05.2020 00:12:32,1589321552
Codec,17,testEncodeByteArrayObjectEmpty,13.05.2020 00:00:16,1589320816
Codec,17,testDecodeByteArrayEmpty,13.05.2020 00:30:05,1589322605
Codec,17,testEncodeHexByteString_ByteArrayOfZeroes,13.05.2020 00:10:56,1589321456
Codec,17,testEncodeHexByteBufferHelloWorldLowerCaseHex,13.05.2020 00:18:11,1589321891
Codec,17,testEncodeHexByteArrayHelloWorldUpperCaseHex,13.05.2020 00:11:44,1589321504
Codec,17,testDecodeHexCharArrayOddCharacters5,13.05.2020 00:22:57,1589322177
Codec,17,testEncodeHexByteString_ByteBufferOfZeroes,13.05.2020 00:19:00,1589321940
Codec,17,testDecodeBadCharacterPos0,13.05.2020 00:04:11,1589321051
Codec,17,testEncodeHexByteArrayEmpty,13.05.2020 00:06:14,1589321174
Codec,17,testDecodeHexCharArrayOddCharacters3,13.05.2020 00:20:40,1589322040
Codec,17,testDecodeByteBufferOddCharacters,13.05.2020 00:28:28,1589322508
Codec,17,testDecodeClassCastException,12.05.2020 23:56:42,1589320602
Codec,17,testGetCharsetName,13.05.2020 00:22:10,1589322130
Codec,17,testDecodeHexCharArrayEmpty,12.05.2020 23:57:26,1589320646
Codec,17,testEncodeStringEmpty,13.05.2020 00:01:02,1589320862
Codec,17,testEncodeByteBufferObjectEmpty,13.05.2020 00:02:41,1589320961
Codec,17,testGetCharset,13.05.2020 00:27:41,1589322461
Codec,17,testDecodeStringEmpty,13.05.2020 00:25:21,1589322321
Codec,17,testEncodeHex_ByteBufferOfZeroes,12.05.2020 23:58:13,1589320693
Codec,17,testEncodeHexByteArrayHelloWorldLowerCaseHex,13.05.2020 00:23:45,1589322225
Codec,17,testEncodeHexByteBufferHelloWorldUpperCaseHex,13.05.2020 00:15:43,1589321743
Codec,17,testEncodeHexByteArrayZeroes,13.05.2020 00:01:51,1589320911
Codec,17,testCodec200,12.05.2020 22:55:04,1589316904
Codec,17,testRandomBytes,12.05.2020 22:54:23,1589316863
Codec,17,testRandomBytesChunked,12.05.2020 22:58:56,1589317136
Codec,17,testBase32Samples,12.05.2020 22:53:41,1589316821
Codec,17,testBase32HexSamples,12.05.2020 22:57:41,1589317061
Codec,17,testBase32Chunked,12.05.2020 22:55:46,1589316946
Codec,17,testRandomBytesHex,12.05.2020 22:56:59,1589317019
Codec,17,testBase32SamplesNonDefaultPadding,12.05.2020 22:52:30,1589316750
Codec,17,testRead0,12.05.2020 23:01:56,1589317316
Codec,17,testCodec101,12.05.2020 22:59:43,1589317183
Codec,17,testCodec98NPE,12.05.2020 23:07:08,1589317628
Codec,17,testAvailable,12.05.2020 23:01:11,1589317271
Codec,17,testMarkSupported,12.05.2020 23:02:40,1589317360
Codec,17,testSkipBig,12.05.2020 23:09:20,1589317760
Codec,17,testSkipWrongArgument,12.05.2020 23:00:27,1589317227
Codec,17,testSkipPastEnd,12.05.2020 23:05:37,1589317537
Codec,17,testInputStreamReader,12.05.2020 23:07:53,1589317673
Codec,17,testSkipToEnd,12.05.2020 23:06:23,1589317583
Codec,17,testCodec130,12.05.2020 23:04:52,1589317492
Codec,17,testReadNull,12.05.2020 23:04:08,1589317448
Codec,17,testReadOutOfBounds,12.05.2020 23:03:25,1589317405
Codec,17,testSkipNone,12.05.2020 23:08:36,1589317716
Codec,17,testNewStringNullInput_CODEC229,13.05.2020 00:39:35,1589323175
Codec,17,testNewStringNullInput,13.05.2020 00:34:26,1589322866
Codec,17,testGetBytesUsAscii,13.05.2020 00:38:06,1589323086
Codec,17,testGetBytesUtf16,13.05.2020 00:37:20,1589323040
Codec,17,testGetBytesUtf8,13.05.2020 00:32:13,1589322733
Codec,17,testGetBytesUncheckedNullInput,13.05.2020 00:38:51,1589323131
Codec,17,testNewStringUtf16,13.05.2020 00:32:58,1589322778
Codec,17,testGetBytesUtf16Le,13.05.2020 00:42:29,1589323349
Codec,17,testGetBytesIso8859_1,13.05.2020 00:36:36,1589322996
Codec,17,testNewStringUsAscii,13.05.2020 00:41:03,1589323263
Codec,17,testNewStringUtf16Be,13.05.2020 00:31:33,1589322693
Codec,17,testNewStringIso8859_1,13.05.2020 00:35:53,1589322953
Codec,17,testNewStringBadEnc,13.05.2020 00:30:50,1589322650
Codec,17,testGetBytesUtf16Be,13.05.2020 00:35:10,1589322910
Codec,17,testNewStringUtf8,13.05.2020 00:41:45,1589323305
Codec,17,testNewStringUtf16Le,13.05.2020 00:33:41,1589322821
Codec,17,testGetBytesUncheckedBadName,13.05.2020 00:40:21,1589323221
Codec,17,testEmpty,13.05.2020 02:07:08,1589328428
Codec,17,testNTilde,13.05.2020 02:08:39,1589328519
Codec,17,doubleMetaphoneEqualTest,13.05.2020 02:02:05,1589328125
Codec,17,testCCedilla,13.05.2020 02:04:30,1589328270
Codec,17,testDoubleMetaphone,13.05.2020 02:11:57,1589328717
Codec,17,assertDoubleMetaphoneAlt,13.05.2020 01:55:11,1589327711
Codec,17,doubleMetaphoneNotEqualTest,13.05.2020 02:05:10,1589328310
Codec,17,testCodec184,13.05.2020 02:07:38,1589328458
Codec,17,testSetMaxCodeLength,13.05.2020 02:00:23,1589328023
Codec,17,testWriteToNullCoverage,12.05.2020 22:51:18,1589316678
Codec,17,testCodec98NPE,12.05.2020 22:51:48,1589316708
Codec,17,testWriteOutOfBounds,12.05.2020 22:50:37,1589316637
Codec,17,testDecodeObjects,13.05.2020 02:55:20,1589331320
Codec,17,testEncodeUrlWithNullBitSet,13.05.2020 02:37:58,1589330278
Codec,17,testEncodeObjects,13.05.2020 02:57:21,1589331441
Codec,17,testSkipNotEncodedCRLF,13.05.2020 02:44:25,1589330665
Codec,17,testDecodeWithNullArray,13.05.2020 02:48:39,1589330919
Codec,17,testEncodeStringWithNull,13.05.2020 02:49:38,1589330978
Codec,17,testUltimateSoftBreak,13.05.2020 02:54:12,1589331252
Codec,17,testDefaultEncoding,13.05.2020 02:52:39,1589331159
Codec,17,testDecodeStringWithNull,13.05.2020 02:47:08,1589330828
Codec,17,testSoftLineBreakDecode,13.05.2020 02:41:53,1589330513
Codec,17,testInvalidEncoding,13.05.2020 02:41:24,1589330484
Codec,17,testSafeCharEncodeDecode,13.05.2020 02:52:10,1589331130
Codec,17,testDecodeInvalid,13.05.2020 02:45:38,1589330738
Codec,17,testFinalBytes,13.05.2020 02:47:38,1589330858
Codec,17,testBasicEncodeDecode,13.05.2020 02:42:55,1589330575
Codec,17,testTrailingSpecial,13.05.2020 02:55:52,1589331352
Codec,17,testUnsafeEncodeDecode,13.05.2020 02:46:38,1589330798
Codec,17,testUTF8RoundTrip,13.05.2020 02:46:08,1589330768
Codec,17,testEncodeDecodeNull,13.05.2020 02:43:55,1589330635
Codec,17,testSoftLineBreakEncode,13.05.2020 02:50:39,1589331039
Codec,17,testEncodeNull,13.05.2020 02:49:09,1589330949
Codec,17,testWriteToNullCoverage,12.05.2020 23:10:40,1589317840
Codec,17,testCodec98NPE,12.05.2020 23:11:21,1589317881
Codec,17,testWriteOutOfBounds,12.05.2020 23:09:59,1589317799
Codec,17,testCodeInteger2,12.05.2020 23:30:17,1589319017
Codec,17,testConstructor_Int_ByteArray_Boolean_UrlSafe,12.05.2020 23:23:31,1589318611
Codec,17,testBase64,12.05.2020 23:13:11,1589317991
Codec,17,testDecodeWithInnerPad,12.05.2020 23:34:21,1589319261
Codec,17,testDecodePadMarkerIndex2,12.05.2020 23:40:12,1589319612
Codec,17,testCodeInteger3,12.05.2020 23:28:45,1589318925
Codec,17,testObjectEncodeWithValidParameter,12.05.2020 23:47:38,1589320058
Codec,17,testObjectDecodeWithValidParameter,12.05.2020 23:19:46,1589318386
Codec,17,testIsArrayByteBase64,12.05.2020 23:36:02,1589319362
Codec,17,testDecodeWithWhitespace,12.05.2020 23:17:20,1589318240
Codec,17,testIsStringBase64,12.05.2020 23:42:41,1589319761
Codec,17,testNonBase64Test,12.05.2020 23:35:12,1589319312
Codec,17,testDecodePadOnly,12.05.2020 23:14:53,1589318093
Codec,17,testEmptyBase64,12.05.2020 23:40:57,1589319657
Codec,17,testTripletsChunked,12.05.2020 23:48:34,1589320114
Codec,17,testPairs,12.05.2020 23:29:28,1589318968
Codec,17,testCodeIntegerNull,12.05.2020 23:18:58,1589318338
Codec,17,testUUID,12.05.2020 23:32:42,1589319162
Codec,17,testConstructors,12.05.2020 23:25:58,1589318758
Codec,17,testRfc2045Section6Dot8ChunkSizeDefinition,12.05.2020 23:25:10,1589318710
Codec,17,testObjectEncode,12.05.2020 23:14:03,1589318043
Codec,17,testSingletons,12.05.2020 23:26:59,1589318819
Codec,17,testIsUrlSafe,12.05.2020 23:44:15,1589319855
Codec,17,testEncodeDecodeSmall,12.05.2020 23:33:30,1589319210
Codec,17,testEncodeDecodeRandom,12.05.2020 23:45:17,1589319917
Codec,17,testStringToByteVariations,12.05.2020 23:36:57,1589319417
Codec,17,testIgnoringNonBase64InDecode,12.05.2020 23:50:10,1589320210
Codec,17,testRfc4648Section10Encode,12.05.2020 23:31:52,1589319112
Codec,17,testRfc2045Section2Dot1CrLfDefinition,12.05.2020 23:22:43,1589318563
Codec,17,testUrlSafe,12.05.2020 23:12:27,1589317947
Codec,17,testObjectEncodeWithInvalidParameter,12.05.2020 23:21:06,1589318466
Codec,17,testRfc4648Section10DecodeWithCrLf,12.05.2020 23:21:57,1589318517
Codec,17,testChunkedEncodeMultipleOf76,12.05.2020 23:16:34,1589318194
Codec,17,testKnownEncodings,12.05.2020 23:38:36,1589319516
Codec,17,testSingletonsChunked,12.05.2020 23:27:57,1589318877
Codec,17,testRfc1421Section6Dot8ChunkSizeDefinition,12.05.2020 23:37:47,1589319467
Codec,17,testKnownDecodings,12.05.2020 23:24:22,1589318662
Codec,17,testConstructor_Int_ByteArray_Boolean,12.05.2020 23:46:50,1589320010
Codec,17,testByteToStringVariations,12.05.2020 23:31:04,1589319064
Codec,17,testDecodePadOnlyChunked,12.05.2020 23:46:04,1589319964
Codec,17,testTriplets,12.05.2020 23:41:53,1589319713
Codec,17,testObjectDecodeWithInvalidParameter,12.05.2020 23:49:22,1589320162
Codec,17,testDecodePadMarkerIndex3,12.05.2020 23:39:24,1589319564
Codec,17,testRfc4648Section10Decode,12.05.2020 23:15:47,1589318147
Codec,17,testCodeInteger4,12.05.2020 23:18:09,1589318289
Codec,17,testCodeInteger1,12.05.2020 23:43:29,1589319809
Codec,17,testRead0,12.05.2020 22:44:39,1589316279
Codec,17,testCodec101,12.05.2020 22:40:59,1589316059
Codec,17,testCodec98NPE,12.05.2020 22:46:32,1589316392
Codec,17,testAvailable,12.05.2020 22:48:41,1589316521
Codec,17,testMarkSupported,12.05.2020 22:43:52,1589316232
Codec,17,testSkipBig,12.05.2020 22:43:08,1589316188
Codec,17,testSkipWrongArgument,12.05.2020 22:41:41,1589316101
Codec,17,testSkipPastEnd,12.05.2020 22:47:58,1589316478
Codec,17,testInputStreamReader,12.05.2020 22:49:13,1589316553
Codec,17,testSkipToEnd,12.05.2020 22:49:55,1589316595
Codec,17,testCodec130,12.05.2020 22:46:02,1589316362
Codec,17,testReadNull,12.05.2020 22:47:15,1589316435
Codec,17,testReadOutOfBounds,12.05.2020 22:42:23,1589316143
Codec,17,testSkipNone,12.05.2020 22:45:21,1589316321
Codec,17,testDecodeObjects,13.05.2020 02:28:49,1589329729
Codec,17,testLetUsMakeCloverHappy,13.05.2020 02:33:25,1589330005
Codec,17,testEncodeObjects,13.05.2020 02:30:54,1589329854
Codec,17,testEncodeStringWithNull,13.05.2020 02:30:17,1589329817
Codec,17,testEncodeDecodeBlanks,13.05.2020 02:35:22,1589330122
Codec,17,testNullInput,13.05.2020 02:23:17,1589329397
Codec,17,testDecodeStringWithNull,13.05.2020 02:26:44,1589329604
Codec,17,testInvalidEncoding,13.05.2020 02:31:28,1589329888
Codec,17,testBasicEncodeDecode,13.05.2020 02:26:13,1589329573
Codec,17,testUnsafeEncodeDecode,13.05.2020 02:28:11,1589329691
Codec,17,testUTF8RoundTrip,13.05.2020 02:32:56,1589329976
Codec,17,testEncodeDecodeNull,13.05.2020 02:24:16,1589329456
Codec,17,testDecodeObjects,13.05.2020 02:18:42,1589329122
Codec,17,testEncodeObjects,13.05.2020 02:18:01,1589329081
Codec,17,testEncodeStringWithNull,13.05.2020 02:13:02,1589328782
Codec,17,testNullInput,13.05.2020 02:14:00,1589328840
Codec,17,testDecodeStringWithNull,13.05.2020 02:20:39,1589329239
Codec,17,testInvalidEncoding,13.05.2020 02:14:30,1589328870
Codec,17,testBasicEncodeDecode,13.05.2020 02:17:22,1589329042
Codec,17,testUTF8RoundTrip,13.05.2020 02:21:46,1589329306
Codec,17,testEncodeDecodeNull,13.05.2020 02:19:40,1589329180
Codec,17,testHmacFailInputStream,13.05.2020 01:17:59,1589325479
Codec,17,testHmacHexFailByteArray,13.05.2020 01:15:38,1589325338
Codec,17,testGetHmacEmptyKey,13.05.2020 01:09:55,1589324995
Codec,17,testMacHexString,13.05.2020 01:17:25,1589325445
Codec,17,testMacInputStream,13.05.2020 01:13:16,1589325196
Codec,17,testMacByteArary,13.05.2020 01:09:23,1589324963
Codec,17,testHmacHexFailInputStream,13.05.2020 01:12:45,1589325165
Codec,17,testMacHexByteArray,13.05.2020 01:13:53,1589325233
Codec,17,testAlgorithm,13.05.2020 01:14:28,1589325268
Codec,17,testMacString,13.05.2020 01:16:15,1589325375
Codec,17,testMacHexInputStream,13.05.2020 01:08:47,1589324927
Codec,17,testHmacFailByteArray,13.05.2020 01:11:02,1589325062
Codec,17,testGetHmacNullKey,13.05.2020 01:16:49,1589325409
Codec,17,testHmacHexFailString,13.05.2020 01:10:31,1589325031
Codec,17,testInitializedMac,13.05.2020 01:18:35,1589325515
Codec,17,testHmacFailString,13.05.2020 01:15:02,1589325302
Codec,17,testInternalNoSuchAlgorithmException,13.05.2020 00:53:19,1589323999
Codec,17,testSha512HexInputStream,13.05.2020 00:49:16,1589323756
Codec,17,testShaHex,13.05.2020 00:43:50,1589323430
Codec,17,testSha512,13.05.2020 01:01:18,1589324478
Codec,17,testMd5HexLengthForBytes,13.05.2020 00:51:59,1589323919
Codec,17,testSha256,13.05.2020 01:06:47,1589324807
Codec,17,testSha1UpdateWithByteArray,13.05.2020 00:57:26,1589324246
Codec,17,testSha224,13.05.2020 01:05:19,1589324719
Codec,17,testMd5Hex,13.05.2020 00:47:56,1589323676
Codec,17,testSha1Hex,13.05.2020 00:50:36,1589323836
Codec,17,testSha1UpdateWithString,13.05.2020 00:45:12,1589323512
Codec,17,testMd5LengthForBytes,13.05.2020 01:02:37,1589324557
Codec,17,testShaUpdateWithString,13.05.2020 00:54:43,1589324083
Codec,17,testSha384,13.05.2020 01:00:01,1589324401
Codec,17,testShaUpdateWithByteArray,13.05.2020 01:08:14,1589324894
Codec,17,testMd2HexLength,13.05.2020 00:46:33,1589323593
Codec,17,testMd2Hex,13.05.2020 00:56:07,1589324167
Codec,17,testMd2Length,13.05.2020 00:58:45,1589324325
Codec,17,testSha1UpdateWithByteBuffer,13.05.2020 01:04:00,1589324640
Codec,18,testIsInAlphabetByte,13.05.2020 05:36:13,1589340973
Codec,18,testBaseNCodec,13.05.2020 05:32:49,1589340769
Codec,18,testContainsAlphabetOrPad,13.05.2020 05:33:30,1589340810
Codec,18,testIsWhiteSpace,13.05.2020 05:35:32,1589340932
Codec,18,testProvidePaddingByte,13.05.2020 05:34:11,1589340851
Codec,18,testIsInAlphabetString,13.05.2020 05:34:52,1589340892
Codec,18,testIsInAlphabetByteArrayBoolean,13.05.2020 05:32:10,1589340730
Codec,18,testDecodeObjects,13.05.2020 08:52:09,1589352729
Codec,18,testEncodeUrlWithNullBitSet,13.05.2020 08:52:37,1589352757
Codec,18,testEncodeObjects,13.05.2020 08:44:39,1589352279
Codec,18,testDecodeWithNullArray,13.05.2020 08:41:59,1589352119
Codec,18,testEncodeStringWithNull,13.05.2020 08:36:42,1589351802
Codec,18,testDefaultEncoding,13.05.2020 08:50:24,1589352624
Codec,18,testDecodeStringWithNull,13.05.2020 08:45:10,1589352310
Codec,18,testInvalidEncoding,13.05.2020 08:53:06,1589352786
Codec,18,testSafeCharEncodeDecode,13.05.2020 08:48:44,1589352524
Codec,18,testDecodeInvalid,13.05.2020 08:49:26,1589352566
Codec,18,testDecodeInvalidContent,13.05.2020 08:42:57,1589352177
Codec,18,testBasicEncodeDecode,13.05.2020 08:47:04,1589352424
Codec,18,testUnsafeEncodeDecode,13.05.2020 08:40:58,1589352058
Codec,18,testUTF8RoundTrip,13.05.2020 08:45:53,1589352353
Codec,18,testEncodeDecodeNull,13.05.2020 08:37:23,1589351843
Codec,18,testEncodeNull,13.05.2020 08:39:48,1589351988
Codec,18,testInternalNoSuchAlgorithmException,13.05.2020 07:00:20,1589346020
Codec,18,testSecretKeySpecAllowsEmtyKeys,13.05.2020 07:26:34,1589347594
Codec,18,testSha512HMac,13.05.2020 07:28:55,1589347735
Codec,18,testSha1HMac,13.05.2020 07:20:20,1589347220
Codec,18,testEmptyKey,13.05.2020 07:09:03,1589346543
Codec,18,testSha256HMac,13.05.2020 07:24:56,1589347496
Codec,18,testInitializedMacNullAlgo,13.05.2020 07:02:26,1589346146
Codec,18,testSha256HMacFail,13.05.2020 07:01:57,1589346117
Codec,18,testMd5HMac,13.05.2020 07:22:38,1589347358
Codec,18,testInitializedMacNullKey,13.05.2020 07:02:57,1589346177
Codec,18,testNullKey,13.05.2020 07:07:24,1589346444
Codec,18,testGetHMac,13.05.2020 07:33:18,1589347998
Codec,18,testHmacSha1UpdateWithByteArray,13.05.2020 07:21:33,1589347293
Codec,18,testInitializedMac,13.05.2020 07:31:12,1589347872
Codec,18,testSha384HMac,13.05.2020 07:19:49,1589347189
Codec,18,testHmacSha1UpdateWithString,13.05.2020 07:22:04,1589347324
Codec,18,testSha1HMacFail,13.05.2020 07:18:03,1589347083
Codec,18,testHmacSha1Hex,13.05.2020 07:30:03,1589347803
Codec,18,testHmacMd5Hex,13.05.2020 07:28:18,1589347698
Codec,18,testHmacSha1UpdateWithInpustream,13.05.2020 07:15:47,1589346947
Codec,18,testSha512HMacFail,13.05.2020 06:59:48,1589345988
Codec,18,testSha384HMacFail,13.05.2020 07:01:25,1589346085
Codec,18,testMd5HMacFail,13.05.2020 07:04:33,1589346273
Codec,18,testDecodeBadCharacterPos1,13.05.2020 05:57:57,1589342277
Codec,18,testEncodeHexByteString_ByteArrayBoolean_ToLowerCase,13.05.2020 05:59:28,1589342368
Codec,18,logException,13.05.2020 05:46:21,1589341581
Codec,18,testCustomCharsetBadName,13.05.2020 06:05:37,1589342737
Codec,18,testDecodeHexStringOddCharacters1,13.05.2020 06:09:49,1589342989
Codec,18,testEncodeClassCastException,13.05.2020 05:45:52,1589341552
Codec,18,testDecodeByteArrayOddCharacters,13.05.2020 05:44:21,1589341461
Codec,18,testEncodeHexByteString_ByteBufferBoolean_ToUpperCase,13.05.2020 05:39:47,1589341187
Codec,18,testEncodeDecodeHexCharArrayRandom,13.05.2020 06:07:34,1589342854
Codec,18,testDecodeHexStringOddCharacters,13.05.2020 06:00:13,1589342413
Codec,18,testEncodeHexByteString_ByteArrayBoolean_ToUpperCase,13.05.2020 05:43:36,1589341416
Codec,18,testCustomCharsetToString,13.05.2020 05:37:29,1589341049
Codec,18,testDecodeByteBufferObjectEmpty,13.05.2020 05:47:54,1589341674
Codec,18,testEncodeHexByteBufferEmpty,13.05.2020 06:01:50,1589342510
Codec,18,testDecodeHexCharArrayOddCharacters1,13.05.2020 05:54:55,1589342095
Codec,18,testDecodeByteBufferEmpty,13.05.2020 05:54:10,1589342050
Codec,18,testEncodeHexByteString_ByteBufferBoolean_ToLowerCase,13.05.2020 06:08:20,1589342900
Codec,18,testEncodeByteArrayEmpty,13.05.2020 05:56:28,1589342188
Codec,18,testEncodeByteBufferEmpty,13.05.2020 05:55:43,1589342143
Codec,18,testDecodeByteArrayObjectEmpty,13.05.2020 06:09:05,1589342945
Codec,18,testDecodeHexStringEmpty,13.05.2020 06:03:22,1589342602
Codec,18,testEncodeByteArrayObjectEmpty,13.05.2020 05:40:35,1589341235
Codec,18,testDecodeByteArrayEmpty,13.05.2020 06:06:23,1589342783
Codec,18,testEncodeHexByteString_ByteArrayOfZeroes,13.05.2020 05:38:15,1589341095
Codec,18,testEncodeHexByteBufferHelloWorldLowerCaseHex,13.05.2020 05:51:49,1589341909
Codec,18,testEncodeHexByteArrayHelloWorldUpperCaseHex,13.05.2020 05:41:21,1589341281
Codec,18,testDecodeHexCharArrayOddCharacters5,13.05.2020 05:51:01,1589341861
Codec,18,testEncodeHexByteString_ByteBufferOfZeroes,13.05.2020 05:53:22,1589342002
Codec,18,testDecodeBadCharacterPos0,13.05.2020 05:50:16,1589341816
Codec,18,testEncodeHexByteArrayEmpty,13.05.2020 06:04:07,1589342647
Codec,18,testDecodeHexCharArrayOddCharacters3,13.05.2020 05:49:26,1589341766
Codec,18,testDecodeByteBufferOddCharacters,13.05.2020 05:42:06,1589341326
Codec,18,testDecodeClassCastException,13.05.2020 06:02:36,1589342556
Codec,18,testGetCharsetName,13.05.2020 05:42:52,1589341372
Codec,18,testDecodeHexCharArrayEmpty,13.05.2020 05:48:40,1589341720
Codec,18,testEncodeStringEmpty,13.05.2020 05:57:13,1589342233
Codec,18,testEncodeByteBufferObjectEmpty,13.05.2020 05:47:07,1589341627
Codec,18,testGetCharset,13.05.2020 05:39:03,1589341143
Codec,18,testDecodeStringEmpty,13.05.2020 05:52:36,1589341956
Codec,18,testEncodeHex_ByteBufferOfZeroes,13.05.2020 05:58:43,1589342323
Codec,18,testEncodeHexByteArrayHelloWorldLowerCaseHex,13.05.2020 06:01:02,1589342462
Codec,18,testEncodeHexByteBufferHelloWorldUpperCaseHex,13.05.2020 05:45:09,1589341509
Codec,18,testEncodeHexByteArrayZeroes,13.05.2020 06:04:53,1589342693
Codec,18,testCodec200,13.05.2020 04:37:58,1589337478
Codec,18,testRandomBytes,13.05.2020 04:40:29,1589337629
Codec,18,testRandomBytesChunked,13.05.2020 04:37:15,1589337435
Codec,18,testBase32Samples,13.05.2020 04:36:32,1589337392
Codec,18,testBase32HexSamples,13.05.2020 04:35:52,1589337352
Codec,18,testBase32Chunked,13.05.2020 04:38:38,1589337518
Codec,18,testRandomBytesHex,13.05.2020 04:39:49,1589337589
Codec,18,testBase32SamplesNonDefaultPadding,13.05.2020 04:41:10,1589337670
Codec,18,testRead0,13.05.2020 04:42:34,1589337754
Codec,18,testCodec101,13.05.2020 04:44:00,1589337840
Codec,18,testCodec98NPE,13.05.2020 04:47:33,1589338053
Codec,18,testAvailable,13.05.2020 04:48:59,1589338139
Codec,18,testMarkSupported,13.05.2020 04:50:24,1589338224
Codec,18,testSkipBig,13.05.2020 04:51:07,1589338267
Codec,18,testSkipWrongArgument,13.05.2020 04:48:16,1589338096
Codec,18,testSkipPastEnd,13.05.2020 04:49:41,1589338181
Codec,18,testInputStreamReader,13.05.2020 04:45:26,1589337926
Codec,18,testSkipToEnd,13.05.2020 04:41:53,1589337713
Codec,18,testCodec130,13.05.2020 04:46:51,1589338011
Codec,18,testReadNull,13.05.2020 04:44:42,1589337882
Codec,18,testReadOutOfBounds,13.05.2020 04:43:18,1589337798
Codec,18,testSkipNone,13.05.2020 04:46:08,1589337968
Codec,18,testNewStringNullInput_CODEC229,13.05.2020 06:14:45,1589343285
Codec,18,testNewStringNullInput,13.05.2020 06:18:23,1589343503
Codec,18,testGetBytesUsAscii,13.05.2020 06:20:33,1589343633
Codec,18,testGetBytesUtf16,13.05.2020 06:21:16,1589343676
Codec,18,testGetBytesUtf8,13.05.2020 06:11:13,1589343073
Codec,18,testGetBytesUncheckedNullInput,13.05.2020 06:24:05,1589343845
Codec,18,testNewStringUtf16,13.05.2020 06:12:39,1589343159
Codec,18,testGetBytesUtf16Le,13.05.2020 06:21:59,1589343719
Codec,18,testGetBytesIso8859_1,13.05.2020 06:11:56,1589343116
Codec,18,testEqualsCS2,13.05.2020 06:22:40,1589343760
Codec,18,testNewStringUsAscii,13.05.2020 06:14:01,1589343241
Codec,18,testNewStringUtf16Be,13.05.2020 06:13:19,1589343199
Codec,18,testNewStringIso8859_1,13.05.2020 06:19:50,1589343590
Codec,18,testEqualsString,13.05.2020 06:19:05,1589343545
Codec,18,testNewStringBadEnc,13.05.2020 06:16:14,1589343374
Codec,18,testEqualsCS1,13.05.2020 06:16:57,1589343417
Codec,18,testGetBytesUtf16Be,13.05.2020 06:23:23,1589343803
Codec,18,testNewStringUtf8,13.05.2020 06:10:29,1589343029
Codec,18,testNewStringUtf16Le,13.05.2020 06:17:40,1589343460
Codec,18,testGetBytesUncheckedBadName,13.05.2020 06:15:30,1589343330
Codec,18,testEmpty,13.05.2020 07:50:27,1589349027
Codec,18,testNTilde,13.05.2020 07:35:29,1589348129
Codec,18,doubleMetaphoneEqualTest,13.05.2020 07:49:27,1589348967
Codec,18,testCCedilla,13.05.2020 07:34:01,1589348041
Codec,18,testDoubleMetaphone,13.05.2020 07:48:49,1589348929
Codec,18,assertDoubleMetaphoneAlt,13.05.2020 07:35:58,1589348158
Codec,18,doubleMetaphoneNotEqualTest,13.05.2020 07:42:31,1589348551
Codec,18,testCodec184,13.05.2020 07:48:06,1589348886
Codec,18,testSetMaxCodeLength,13.05.2020 07:46:38,1589348798
Codec,18,testWriteToNullCoverage,13.05.2020 04:33:47,1589337227
Codec,18,testCodec98NPE,13.05.2020 04:34:16,1589337256
Codec,18,testWriteOutOfBounds,13.05.2020 04:33:09,1589337189
Codec,18,testDecodeObjects,13.05.2020 08:35:05,1589351705
Codec,18,testEncodeUrlWithNullBitSet,13.05.2020 08:31:13,1589351473
Codec,18,testEncodeObjects,13.05.2020 08:26:15,1589351175
Codec,18,testSkipNotEncodedCRLF,13.05.2020 08:18:24,1589350704
Codec,18,testDecodeWithNullArray,13.05.2020 08:14:31,1589350471
Codec,18,testEncodeStringWithNull,13.05.2020 08:24:16,1589351056
Codec,18,testUltimateSoftBreak,13.05.2020 08:25:14,1589351114
Codec,18,testDefaultEncoding,13.05.2020 08:28:12,1589351292
Codec,18,testDecodeStringWithNull,13.05.2020 08:20:22,1589350822
Codec,18,testSoftLineBreakDecode,13.05.2020 08:22:47,1589350967
Codec,18,testInvalidEncoding,13.05.2020 08:21:21,1589350881
Codec,18,testSafeCharEncodeDecode,13.05.2020 08:30:14,1589351414
Codec,18,testDecodeInvalid,13.05.2020 08:31:55,1589351515
Codec,18,testFinalBytes,13.05.2020 08:33:24,1589351604
Codec,18,testBasicEncodeDecode,13.05.2020 08:27:13,1589351233
Codec,18,testTrailingSpecial,13.05.2020 08:20:52,1589350852
Codec,18,testUnsafeEncodeDecode,13.05.2020 08:25:44,1589351144
Codec,18,testUTF8RoundTrip,13.05.2020 08:34:25,1589351665
Codec,18,testEncodeDecodeNull,13.05.2020 08:16:56,1589350616
Codec,18,testSoftLineBreakEncode,13.05.2020 08:33:55,1589351635
Codec,18,testEncodeNull,13.05.2020 08:24:45,1589351085
Codec,18,testWriteToNullCoverage,13.05.2020 04:53:07,1589338387
Codec,18,testCodec98NPE,13.05.2020 04:51:46,1589338306
Codec,18,testWriteOutOfBounds,13.05.2020 04:52:26,1589338346
Codec,18,testCodeInteger2,13.05.2020 05:16:13,1589339773
Codec,18,testConstructor_Int_ByteArray_Boolean_UrlSafe,13.05.2020 05:11:08,1589339468
Codec,18,testBase64,13.05.2020 05:20:18,1589340018
Codec,18,testDecodeWithInnerPad,13.05.2020 04:55:42,1589338542
Codec,18,testDecodePadMarkerIndex2,13.05.2020 05:17:49,1589339869
Codec,18,testCodeInteger3,13.05.2020 05:16:59,1589339819
Codec,18,testObjectEncodeWithValidParameter,13.05.2020 05:12:42,1589339562
Codec,18,testObjectDecodeWithValidParameter,13.05.2020 05:07:16,1589339236
Codec,18,testIsArrayByteBase64,13.05.2020 05:15:23,1589339723
Codec,18,testDecodeWithWhitespace,13.05.2020 05:25:01,1589340301
Codec,18,testIsStringBase64,13.05.2020 05:02:45,1589338965
Codec,18,testNonBase64Test,13.05.2020 05:21:52,1589340112
Codec,18,testDecodePadOnly,13.05.2020 05:25:50,1589340350
Codec,18,testEmptyBase64,13.05.2020 04:53:53,1589338433
Codec,18,testTripletsChunked,13.05.2020 05:31:29,1589340689
Codec,18,testPairs,13.05.2020 05:19:26,1589339966
Codec,18,testCodeIntegerNull,13.05.2020 05:30:38,1589340638
Codec,18,testUUID,13.05.2020 04:57:03,1589338623
Codec,18,testConstructors,13.05.2020 04:57:48,1589338668
Codec,18,testRfc2045Section6Dot8ChunkSizeDefinition,13.05.2020 05:08:50,1589339330
Codec,18,testObjectEncode,13.05.2020 05:18:36,1589339916
Codec,18,testSingletons,13.05.2020 05:14:32,1589339672
Codec,18,testIsUrlSafe,13.05.2020 05:11:55,1589339515
Codec,18,testEncodeDecodeSmall,13.05.2020 04:58:37,1589338717
Codec,18,testEncodeDecodeRandom,13.05.2020 04:54:52,1589338492
Codec,18,testStringToByteVariations,13.05.2020 05:21:05,1589340065
Codec,18,testIgnoringNonBase64InDecode,13.05.2020 05:13:27,1589339607
Codec,18,testRfc4648Section10Encode,13.05.2020 05:08:03,1589339283
Codec,18,testRfc2045Section2Dot1CrLfDefinition,13.05.2020 04:59:27,1589338767
Codec,18,testUrlSafe,13.05.2020 05:03:47,1589339027
Codec,18,testObjectEncodeWithInvalidParameter,13.05.2020 05:10:23,1589339423
Codec,18,testRfc4648Section10DecodeWithCrLf,13.05.2020 05:04:37,1589339077
Codec,18,testChunkedEncodeMultipleOf76,13.05.2020 05:01:03,1589338863
Codec,18,testKnownEncodings,13.05.2020 05:29:01,1589340541
Codec,18,testSingletonsChunked,13.05.2020 05:05:31,1589339131
Codec,18,testRfc1421Section6Dot8ChunkSizeDefinition,13.05.2020 05:09:37,1589339377
Codec,18,testKnownDecodings,13.05.2020 05:26:38,1589340398
Codec,18,testConstructor_Int_ByteArray_Boolean,13.05.2020 05:23:22,1589340202
Codec,18,testByteToStringVariations,13.05.2020 05:28:11,1589340491
Codec,18,testDecodePadOnlyChunked,13.05.2020 05:00:16,1589338816
Codec,18,testTriplets,13.05.2020 05:06:27,1589339187
Codec,18,testObjectDecodeWithInvalidParameter,13.05.2020 05:24:13,1589340253
Codec,18,testDecodePadMarkerIndex3,13.05.2020 05:27:25,1589340445
Codec,18,testRfc4648Section10Decode,13.05.2020 05:22:36,1589340156
Codec,18,testCodeInteger4,13.05.2020 05:29:50,1589340590
Codec,18,testCodeInteger1,13.05.2020 05:01:54,1589338914
Codec,18,testRead0,13.05.2020 04:26:01,1589336761
Codec,18,testCodec101,13.05.2020 04:24:48,1589336688
Codec,18,testCodec98NPE,13.05.2020 04:24:18,1589336658
Codec,18,testAvailable,13.05.2020 04:31:45,1589337105
Codec,18,testMarkSupported,13.05.2020 04:30:21,1589337021
Codec,18,testSkipBig,13.05.2020 04:31:04,1589337064
Codec,18,testSkipWrongArgument,13.05.2020 04:26:44,1589336804
Codec,18,testSkipPastEnd,13.05.2020 04:28:10,1589336890
Codec,18,testInputStreamReader,13.05.2020 04:25:19,1589336719
Codec,18,testSkipToEnd,13.05.2020 04:27:27,1589336847
Codec,18,testCodec130,13.05.2020 04:29:39,1589336979
Codec,18,testReadNull,13.05.2020 04:23:49,1589336629
Codec,18,testReadOutOfBounds,13.05.2020 04:32:29,1589337149
Codec,18,testSkipNone,13.05.2020 04:28:55,1589336935
Codec,18,testDecodeObjects,13.05.2020 08:12:57,1589350377
Codec,18,testLetUsMakeCloverHappy,13.05.2020 08:10:28,1589350228
Codec,18,testEncodeObjects,13.05.2020 08:08:01,1589350081
Codec,18,testEncodeStringWithNull,13.05.2020 08:13:27,1589350407
Codec,18,testEncodeDecodeBlanks,13.05.2020 08:09:30,1589350170
Codec,18,testNullInput,13.05.2020 08:06:26,1589349986
Codec,18,testDecodeStringWithNull,13.05.2020 08:11:52,1589350312
Codec,18,testInvalidEncoding,13.05.2020 08:08:31,1589350111
Codec,18,testBasicEncodeDecode,13.05.2020 08:11:24,1589350284
Codec,18,testUnsafeEncodeDecode,13.05.2020 08:06:55,1589350015
Codec,18,testUTF8RoundTrip,13.05.2020 08:04:31,1589349871
Codec,18,testEncodeDecodeNull,13.05.2020 08:03:33,1589349813
Codec,18,testDecodeObjects,13.05.2020 08:00:10,1589349610
Codec,18,testEncodeObjects,13.05.2020 07:59:30,1589349570
Codec,18,testEncodeStringWithNull,13.05.2020 07:51:02,1589349062
Codec,18,testNullInput,13.05.2020 07:55:49,1589349349
Codec,18,testDecodeStringWithNull,13.05.2020 07:51:59,1589349119
Codec,18,testInvalidEncoding,13.05.2020 07:52:27,1589349147
Codec,18,testBasicEncodeDecode,13.05.2020 07:55:20,1589349320
Codec,18,testUTF8RoundTrip,13.05.2020 07:58:52,1589349532
Codec,18,testEncodeDecodeNull,13.05.2020 07:54:20,1589349260
Codec,18,testHmacFailInputStream,13.05.2020 06:52:57,1589345577
Codec,18,testHmacHexFailByteArray,13.05.2020 06:57:39,1589345859
Codec,18,testGetHmacEmptyKey,13.05.2020 06:57:08,1589345828
Codec,18,testMacHexString,13.05.2020 06:55:00,1589345700
Codec,18,testMacInputStream,13.05.2020 06:53:27,1589345607
Codec,18,testMacByteArary,13.05.2020 06:58:41,1589345921
Codec,18,testHmacHexFailInputStream,13.05.2020 06:52:26,1589345546
Codec,18,testMacHexByteArray,13.05.2020 06:50:48,1589345448
Codec,18,testAlgorithm,13.05.2020 06:55:33,1589345733
Codec,18,testMacString,13.05.2020 06:49:43,1589345383
Codec,18,testMacHexInputStream,13.05.2020 06:54:27,1589345667
Codec,18,testHmacFailByteArray,13.05.2020 06:58:09,1589345889
Codec,18,testGetHmacNullKey,13.05.2020 06:56:02,1589345762
Codec,18,testHmacHexFailString,13.05.2020 06:50:18,1589345418
Codec,18,testInitializedMac,13.05.2020 06:56:32,1589345792
Codec,18,testHmacFailString,13.05.2020 06:53:57,1589345637
Codec,18,testInternalNoSuchAlgorithmException,13.05.2020 06:43:42,1589345022
Codec,18,testSha512HexInputStream,13.05.2020 06:33:04,1589344384
Codec,18,testShaHex,13.05.2020 06:27:53,1589344073
Codec,18,testSha512,13.05.2020 06:29:13,1589344153
Codec,18,testMd5HexLengthForBytes,13.05.2020 06:45:05,1589345105
Codec,18,testSha256,13.05.2020 06:36:57,1589344617
Codec,18,testSha1UpdateWithByteArray,13.05.2020 06:34:24,1589344464
Codec,18,testSha224,13.05.2020 06:42:24,1589344944
Codec,18,testMd5Hex,13.05.2020 06:47:44,1589345264
Codec,18,testSha1Hex,13.05.2020 06:31:51,1589344311
Codec,18,testSha1UpdateWithString,13.05.2020 06:26:38,1589343998
Codec,18,testMd5LengthForBytes,13.05.2020 06:46:24,1589345184
Codec,18,testShaUpdateWithString,13.05.2020 06:35:38,1589344538
Codec,18,testSha384,13.05.2020 06:49:08,1589345348
Codec,18,testShaUpdateWithByteArray,13.05.2020 06:38:17,1589344697
Codec,18,testMd2HexLength,13.05.2020 06:41:00,1589344860
Codec,18,testMd2Hex,13.05.2020 06:30:36,1589344236
Codec,18,testMd2Length,13.05.2020 06:39:41,1589344781
Codec,18,testSha1UpdateWithByteBuffer,13.05.2020 06:25:22,1589343922
