JacksonXml,1,testMapperCopy,11.05.2020 16:45:42,1589208342
JacksonXml,1,testMapperSerialization,11.05.2020 16:44:47,1589208287
JacksonXml,1,testMapperVersions,11.05.2020 16:45:14,1589208314
JacksonXml,1,testPolyIdList178,11.05.2020 16:57:54,1589209074
JacksonXml,1,testNestedUnwrappedLists180,11.05.2020 17:09:34,1589209774
JacksonXml,1,testUnwrappingSubWithAttribute,11.05.2020 17:23:55,1589210635
JacksonXml,1,testUnwrappingWithAttribute,11.05.2020 17:24:23,1589210663
JacksonXml,1,testSimpleUnwrappingRoundtrip,11.05.2020 17:23:28,1589210608
JacksonXml,1,testXml11Declaration,11.05.2020 17:39:37,1589211577
JacksonXml,1,testXml10Declaration,11.05.2020 17:39:10,1589211550
JacksonXml,1,testSimple,11.05.2020 16:55:09,1589208909
JacksonXml,1,testCollection,11.05.2020 17:04:13,1589209453
JacksonXml,1,testUnwrappedListBeanDeser,11.05.2020 17:06:35,1589209595
JacksonXml,1,testWrappedListWithGetters,11.05.2020 17:06:05,1589209565
JacksonXml,1,testWrappedList,11.05.2020 17:05:10,1589209510
JacksonXml,1,testWrappedListBeanDeser,11.05.2020 17:05:38,1589209538
JacksonXml,1,testWrappedListWithAttribute,11.05.2020 17:04:41,1589209481
JacksonXml,1,testEmptyList,11.05.2020 17:15:50,1589210150
JacksonXml,1,testIssue7,11.05.2020 16:54:43,1589208883
JacksonXml,1,testNullSuppression,11.05.2020 16:54:16,1589208856
JacksonXml,1,testIssue44,11.05.2020 16:53:48,1589208828
JacksonXml,1,testSimpleValidXmlDecl,11.05.2020 17:42:52,1589211772
JacksonXml,1,testSimpleValidRoot,11.05.2020 17:43:20,1589211800
JacksonXml,1,testSimpleInvalid,11.05.2020 17:40:32,1589211632
JacksonXml,1,testListViaObjectReader,11.05.2020 17:40:06,1589211606
JacksonXml,1,testSimpleValidDoctype,11.05.2020 17:40:58,1589211658
JacksonXml,1,testSimpleValidPI,11.05.2020 17:42:25,1589211745
JacksonXml,1,testSimpleViaObjectReader,11.05.2020 17:41:55,1589211715
JacksonXml,1,testSimpleValidComment,11.05.2020 17:41:26,1589211686
JacksonXml,1,testOptionals,11.05.2020 17:08:16,1589209696
JacksonXml,1,testListWithAttrOnlyValues,11.05.2020 17:07:28,1589209648
JacksonXml,1,testOptionalsWithMissingType,11.05.2020 17:07:49,1589209669
JacksonXml,1,testParentListRoundtrip,11.05.2020 17:07:01,1589209621
JacksonXml,1,testMissingString,11.05.2020 16:50:23,1589208623
JacksonXml,1,testStringArrayWithAttribute,11.05.2020 16:49:55,1589208595
JacksonXml,1,testEmptyStringElement,11.05.2020 16:52:26,1589208746
JacksonXml,1,testEmptyElementToString,11.05.2020 16:50:49,1589208649
JacksonXml,1,testStringsWithAttribute,11.05.2020 16:53:21,1589208801
JacksonXml,1,testSimpleStringElement,11.05.2020 16:52:52,1589208772
JacksonXml,1,testStringWithAttribute,11.05.2020 16:52:00,1589208720
JacksonXml,1,testSimpleStringBean,11.05.2020 17:28:47,1589210927
JacksonXml,1,testEmptyElem,11.05.2020 17:28:19,1589210899
JacksonXml,1,testMultiLevel172,11.05.2020 17:25:21,1589210721
JacksonXml,1,testSimpleIntBean,11.05.2020 17:26:13,1589210773
JacksonXml,1,testSimpleMap,11.05.2020 17:27:29,1589210849
JacksonXml,1,testWithAttr,11.05.2020 17:27:02,1589210822
JacksonXml,1,testNoElementWrapper,11.05.2020 16:57:26,1589209046
JacksonXml,1,testElementWrapper,11.05.2020 16:56:58,1589209018
JacksonXml,1,testIntArrayToX,11.05.2020 17:17:19,1589210239
JacksonXml,1,testLongArrayToX,11.05.2020 17:16:22,1589210182
JacksonXml,1,testShortArrayToX,11.05.2020 17:16:51,1589210211
JacksonXml,1,testForceElementAsArray,11.05.2020 17:50:25,1589212225
JacksonXml,1,testSimplest,11.05.2020 17:49:57,1589212197
JacksonXml,1,testSimpleNested,11.05.2020 17:48:40,1589212120
JacksonXml,1,testSimpleWithEmpty,11.05.2020 17:46:01,1589211961
JacksonXml,1,testRoundTripWithSample,11.05.2020 17:49:08,1589212148
JacksonXml,1,testXmlAttributes,11.05.2020 17:47:52,1589212072
JacksonXml,1,testSimpleCollectionDeserWithForwardRefs,11.05.2020 17:18:13,1589210293
JacksonXml,1,testSecondLevelAttribute,11.05.2020 17:45:36,1589211936
JacksonXml,1,testSimpleElement,11.05.2020 17:44:41,1589211881
JacksonXml,1,testWriteToFile,11.05.2020 17:45:08,1589211908
JacksonXml,1,testAttrAndElem,11.05.2020 17:44:14,1589211854
JacksonXml,1,testSimpleAttribute,11.05.2020 17:43:47,1589211827
JacksonXml,1,setUp,11.05.2020 17:34:57,1589211297
JacksonXml,1,testCDataString,11.05.2020 17:31:24,1589211084
JacksonXml,1,testNakedMap,11.05.2020 17:31:52,1589211112
JacksonXml,1,testSimpleAttrAndElem,11.05.2020 17:34:36,1589211276
JacksonXml,1,testCustomSerializer,11.05.2020 17:33:40,1589211220
JacksonXml,1,testSimpleNsElem,11.05.2020 17:32:48,1589211168
JacksonXml,1,testRootName,11.05.2020 17:35:27,1589211327
JacksonXml,1,testMap,11.05.2020 17:30:54,1589211054
JacksonXml,1,testCDataStringArray,11.05.2020 17:32:20,1589211140
JacksonXml,1,testSimpleAttribute,11.05.2020 17:34:07,1589211247
JacksonXml,1,testIssue42,11.05.2020 17:38:43,1589211523
JacksonXml,1,testIssue66,11.05.2020 17:22:59,1589210579
JacksonXml,1,testDeserializeAsText,11.05.2020 17:22:00,1589210520
JacksonXml,1,testIssue24,11.05.2020 17:22:30,1589210550
JacksonXml,1,testSerializeAsText,11.05.2020 17:21:03,1589210463
JacksonXml,1,testTextOnlyPojo,11.05.2020 17:21:32,1589210492
JacksonXml,1,testAlternateTextElementName,11.05.2020 17:20:34,1589210434
JacksonXml,1,testTwoBinaryProps,11.05.2020 16:46:39,1589208399
JacksonXml,1,testWithTwoAttributes,11.05.2020 17:01:41,1589209301
JacksonXml,1,testOptionalsWithMissingType,11.05.2020 17:02:10,1589209330
JacksonXml,1,testEmptyList,11.05.2020 17:01:15,1589209275
JacksonXml,1,testSimpleRead,11.05.2020 16:55:36,1589208936
JacksonXml,1,testEmpty,11.05.2020 17:17:45,1589210265
JacksonXml,1,testRoundtrip,11.05.2020 16:44:20,1589208260
JacksonXml,1,testSimpleWrappedList,11.05.2020 17:09:09,1589209749
JacksonXml,1,testStringList,11.05.2020 17:08:42,1589209722
JacksonXml,1,testAsClassObject,11.05.2020 17:19:12,1589210352
JacksonXml,1,testAsClassProperty,11.05.2020 17:18:42,1589210322
JacksonXml,1,testAsPropertyWithObjectId,11.05.2020 17:19:40,1589210380
JacksonXml,1,testXmlFactory,11.05.2020 17:29:15,1589210955
JacksonXml,1,testMapper,11.05.2020 17:30:25,1589211025
JacksonXml,1,testIssue54,11.05.2020 17:37:48,1589211468
JacksonXml,1,testIssue6,11.05.2020 17:36:24,1589211384
JacksonXml,1,testIssue19,11.05.2020 17:37:22,1589211442
JacksonXml,1,testIssue117AnySetterAttrs,11.05.2020 17:36:52,1589211412
JacksonXml,1,testSimpleNsAttr,11.05.2020 17:35:55,1589211355
JacksonXml,1,testNestedWithEmpty,11.05.2020 17:11:50,1589209910
JacksonXml,1,testNested1_2,11.05.2020 17:10:27,1589209827
JacksonXml,1,testNested1_2b,11.05.2020 17:10:53,1589209853
JacksonXml,1,testNestedWithEmpty2,11.05.2020 17:10:00,1589209800
JacksonXml,1,testNested2_1,11.05.2020 17:11:21,1589209881
JacksonXml,1,testAnnotationSharing,11.05.2020 17:02:37,1589209357
JacksonXml,1,testXmlTextWithSuppressedValue,11.05.2020 17:24:52,1589210692
JacksonXml,1,testEnum,11.05.2020 16:49:28,1589208568
JacksonXml,1,testFromAttribute,11.05.2020 16:47:07,1589208427
JacksonXml,1,testOptionalAttr,11.05.2020 16:49:02,1589208542
JacksonXml,1,testMissingOptionalAttr,11.05.2020 16:47:35,1589208455
JacksonXml,1,testMapWithAttr,11.05.2020 16:48:03,1589208483
JacksonXml,1,testRoundTripWithJacksonExample,11.05.2020 16:48:33,1589208513
JacksonXml,1,testTwoAttributes,11.05.2020 16:56:04,1589208964
JacksonXml,1,testAttributeAndElement,11.05.2020 16:56:32,1589208992
JacksonXml,1,testAsTextWithJAXB,11.05.2020 16:58:22,1589209102
JacksonXml,1,setUp,11.05.2020 16:58:43,1589209123
JacksonXml,1,testPersonAsXml,11.05.2020 16:59:10,1589209150
JacksonXml,1,testSerializeAsAttr,11.05.2020 17:00:48,1589209248
JacksonXml,1,testRootName,11.05.2020 17:00:21,1589209221
JacksonXml,1,testOrdering,11.05.2020 17:38:16,1589211496
JacksonXml,1,testRenamedRootItem,11.05.2020 17:12:17,1589209937
JacksonXml,1,testEmptyStringFromElemAndAttr,11.05.2020 16:46:09,1589208369
JacksonXml,1,testUnwrappedLists,11.05.2020 17:15:00,1589210100
JacksonXml,1,testDefaultWrapping,11.05.2020 17:13:42,1589210022
JacksonXml,1,testDefaultWrappingWithEmptyLists,11.05.2020 17:14:10,1589210050
JacksonXml,1,testOptionalsWithMissingType,11.05.2020 17:13:12,1589209992
JacksonXml,1,testWrappedLists,11.05.2020 17:12:45,1589209965
JacksonXml,2,testListDeser,11.05.2020 18:18:47,1589213927
JacksonXml,2,testPolyIdList178,11.05.2020 18:12:51,1589213571
JacksonXml,2,testNestedUnwrappedLists180,11.05.2020 18:23:14,1589214194
JacksonXml,2,testUnwrappingSubWithAttribute,11.05.2020 18:34:19,1589214859
JacksonXml,2,testUnwrappingWithAttribute,11.05.2020 18:34:45,1589214885
JacksonXml,2,testSimpleUnwrappingRoundtrip,11.05.2020 18:35:11,1589214911
JacksonXml,2,testCollection,11.05.2020 18:18:20,1589213900
JacksonXml,2,testUnwrappedListBeanDeser,11.05.2020 18:20:39,1589214039
JacksonXml,2,testWrappedListWithGetters,11.05.2020 18:19:41,1589213981
JacksonXml,2,testWrappedList,11.05.2020 18:20:10,1589214010
JacksonXml,2,testWrappedListBeanDeser,11.05.2020 18:21:06,1589214066
JacksonXml,2,testWrappedListWithAttribute,11.05.2020 18:19:15,1589213955
JacksonXml,2,testIssue7,11.05.2020 18:11:57,1589213517
JacksonXml,2,testNullSuppression,11.05.2020 18:11:05,1589213465
JacksonXml,2,testIssue44,11.05.2020 18:11:31,1589213491
JacksonXml,2,testSimpleValidXmlDecl,11.05.2020 18:48:12,1589215692
JacksonXml,2,testSimpleValidRoot,11.05.2020 18:49:32,1589215772
JacksonXml,2,testSimpleInvalid,11.05.2020 18:49:06,1589215746
JacksonXml,2,testListViaObjectReader,11.05.2020 18:47:46,1589215666
JacksonXml,2,testSimpleValidDoctype,11.05.2020 18:50:25,1589215825
JacksonXml,2,testSimpleValidPI,11.05.2020 18:49:59,1589215799
JacksonXml,2,testSimpleViaObjectReader,11.05.2020 18:47:19,1589215639
JacksonXml,2,testSimpleValidComment,11.05.2020 18:48:39,1589215719
JacksonXml,2,testOptionals,11.05.2020 18:22:00,1589214120
JacksonXml,2,testListWithAttrOnlyValues,11.05.2020 18:22:27,1589214147
JacksonXml,2,testOptionalsWithMissingType,11.05.2020 18:22:48,1589214168
JacksonXml,2,testParentListRoundtrip,11.05.2020 18:21:33,1589214093
JacksonXml,2,testMissingString,11.05.2020 18:08:24,1589213304
JacksonXml,2,testStringArrayWithAttribute,11.05.2020 18:08:51,1589213331
JacksonXml,2,testEmptyElementToString,11.05.2020 18:10:11,1589213411
JacksonXml,2,testStringsWithAttribute,11.05.2020 18:10:39,1589213439
JacksonXml,2,testSimpleStringElement,11.05.2020 18:09:44,1589213384
JacksonXml,2,testStringWithAttribute,11.05.2020 18:09:16,1589213356
JacksonXml,2,testSimpleStringBean,11.05.2020 18:37:15,1589215035
JacksonXml,2,testEmptyElem,11.05.2020 18:37:42,1589215062
JacksonXml,2,testMultiLevel172,11.05.2020 18:39:23,1589215163
JacksonXml,2,testSimpleIntBean,11.05.2020 18:40:12,1589215212
JacksonXml,2,testSimpleMap,11.05.2020 18:38:56,1589215136
JacksonXml,2,testWithAttr,11.05.2020 18:38:30,1589215110
JacksonXml,2,testForceElementAsArray,11.05.2020 18:53:54,1589216034
JacksonXml,2,testSimplest,11.05.2020 18:52:56,1589215976
JacksonXml,2,testSimpleNested,11.05.2020 18:50:52,1589215852
JacksonXml,2,testSimpleWithEmpty,11.05.2020 18:51:20,1589215880
JacksonXml,2,testRoundTripWithSample,11.05.2020 18:55:32,1589216132
JacksonXml,2,testXmlAttributes,11.05.2020 18:53:25,1589216005
JacksonXml,2,testSimpleCollectionDeserWithForwardRefs,11.05.2020 18:29:26,1589214566
JacksonXml,2,setUp,11.05.2020 18:43:52,1589215432
JacksonXml,2,testCDataString,11.05.2020 18:42:40,1589215360
JacksonXml,2,testNakedMap,11.05.2020 18:43:32,1589215412
JacksonXml,2,testSimpleAttrAndElem,11.05.2020 18:43:06,1589215386
JacksonXml,2,testCustomSerializer,11.05.2020 18:45:32,1589215532
JacksonXml,2,testSimpleNsElem,11.05.2020 18:46:00,1589215560
JacksonXml,2,testRootName,11.05.2020 18:45:06,1589215506
JacksonXml,2,testMap,11.05.2020 18:44:18,1589215458
JacksonXml,2,testCDataStringArray,11.05.2020 18:46:27,1589215587
JacksonXml,2,testSimpleAttribute,11.05.2020 18:42:14,1589215334
JacksonXml,2,testIssue42,11.05.2020 18:46:53,1589215613
JacksonXml,2,testIssue66,11.05.2020 18:31:14,1589214674
JacksonXml,2,testDeserializeAsText,11.05.2020 18:33:25,1589214805
JacksonXml,2,testIssue24,11.05.2020 18:31:40,1589214700
JacksonXml,2,testSerializeAsText,11.05.2020 18:32:29,1589214749
JacksonXml,2,testTextOnlyPojo,11.05.2020 18:32:56,1589214776
JacksonXml,2,testAlternateTextElementName,11.05.2020 18:33:52,1589214832
JacksonXml,2,testTwoBinaryProps,11.05.2020 18:04:48,1589213088
JacksonXml,2,testWithTwoAttributes,11.05.2020 18:17:28,1589213848
JacksonXml,2,testOptionalsWithMissingType,11.05.2020 18:17:02,1589213822
JacksonXml,2,testEmptyList,11.05.2020 18:16:35,1589213795
JacksonXml,2,testSimpleRead,11.05.2020 18:12:23,1589213543
JacksonXml,2,testEmpty,11.05.2020 18:29:01,1589214541
JacksonXml,2,testPolyIdList178,11.05.2020 18:16:07,1589213767
JacksonXml,2,testRoundtrip,11.05.2020 18:03:52,1589213032
JacksonXml,2,testAsClassObject,11.05.2020 18:30:19,1589214619
JacksonXml,2,testAsClassProperty,11.05.2020 18:29:53,1589214593
JacksonXml,2,testAsPropertyWithObjectId,11.05.2020 18:30:46,1589214646
JacksonXml,2,testXmlFactory,11.05.2020 18:40:39,1589215239
JacksonXml,2,testMapper,11.05.2020 18:41:47,1589215307
JacksonXml,2,testNestedWithEmpty,11.05.2020 18:24:08,1589214248
JacksonXml,2,testNested1_2,11.05.2020 18:23:42,1589214222
JacksonXml,2,testNested1_2b,11.05.2020 18:24:35,1589214275
JacksonXml,2,testNestedWithEmpty2,11.05.2020 18:25:28,1589214328
JacksonXml,2,testNested2_1,11.05.2020 18:25:01,1589214301
JacksonXml,2,testAnnotationSharing,11.05.2020 18:17:53,1589213873
JacksonXml,2,testRootAttributes,11.05.2020 18:57:01,1589216221
JacksonXml,2,testNested,11.05.2020 18:56:31,1589216191
JacksonXml,2,testSimple,11.05.2020 18:57:29,1589216249
JacksonXml,2,testEmptyTags,11.05.2020 18:56:03,1589216163
JacksonXml,2,testMixedContent,11.05.2020 18:36:29,1589214989
JacksonXml,2,testXmlTextWithSuppressedValue,11.05.2020 18:36:02,1589214962
JacksonXml,2,testSimple198,11.05.2020 18:35:36,1589214936
JacksonXml,2,testEnum,11.05.2020 18:07:33,1589213253
JacksonXml,2,testFromAttribute,11.05.2020 18:05:15,1589213115
JacksonXml,2,testOptionalAttr,11.05.2020 18:05:42,1589213142
JacksonXml,2,testMissingOptionalAttr,11.05.2020 18:06:08,1589213168
JacksonXml,2,testMapWithAttr,11.05.2020 18:07:05,1589213225
JacksonXml,2,testRoundTripWithJacksonExample,11.05.2020 18:06:37,1589213197
JacksonXml,2,testAsTextWithJAXB,11.05.2020 18:13:17,1589213597
JacksonXml,2,setUp,11.05.2020 18:13:38,1589213618
JacksonXml,2,testPersonAsXml,11.05.2020 18:14:53,1589213693
JacksonXml,2,testSerializeAsAttr,11.05.2020 18:15:41,1589213741
JacksonXml,2,testRootName,11.05.2020 18:14:26,1589213666
JacksonXml,2,testRenamedRootItem,11.05.2020 18:25:54,1589214354
JacksonXml,2,testEmptyStringFromElemAndAttr,11.05.2020 18:04:21,1589213061
JacksonXml,2,testUnwrappedLists,11.05.2020 18:28:34,1589214514
JacksonXml,2,testDefaultWrapping,11.05.2020 18:26:51,1589214411
JacksonXml,2,testDefaultWrappingWithEmptyLists,11.05.2020 18:27:47,1589214467
JacksonXml,2,testOptionalsWithMissingType,11.05.2020 18:27:20,1589214440
JacksonXml,2,testWrappedLists,11.05.2020 18:26:23,1589214383
JacksonXml,3,testMapperCopy,11.05.2020 19:15:46,1589217346
JacksonXml,3,testMapperSerialization,11.05.2020 19:15:17,1589217317
JacksonXml,3,testMapperVersions,11.05.2020 19:14:27,1589217267
JacksonXml,3,testListDeser,11.05.2020 19:38:12,1589218692
JacksonXml,3,testPolyIdList178,11.05.2020 19:30:02,1589218202
JacksonXml,3,testNestedUnwrappedLists180,11.05.2020 19:45:21,1589219121
JacksonXml,3,testUnwrappingSubWithAttribute,11.05.2020 20:03:27,1589220207
JacksonXml,3,testUnwrappingWithAttribute,11.05.2020 20:02:48,1589220168
JacksonXml,3,testSimpleUnwrappingRoundtrip,11.05.2020 20:04:05,1589220245
JacksonXml,3,testXml11Declaration,11.05.2020 20:22:24,1589221344
JacksonXml,3,testXml10Declaration,11.05.2020 20:22:56,1589221376
JacksonXml,3,testSimple,11.05.2020 19:26:25,1589217985
JacksonXml,3,testCollection,11.05.2020 19:37:32,1589218652
JacksonXml,3,testUnwrappedListBeanDeser,11.05.2020 19:41:15,1589218875
JacksonXml,3,testWrappedListWithGetters,11.05.2020 19:39:29,1589218769
JacksonXml,3,testWrappedList,11.05.2020 19:38:51,1589218731
JacksonXml,3,testWrappedListBeanDeser,11.05.2020 19:40:39,1589218839
JacksonXml,3,testWrappedListWithAttribute,11.05.2020 19:40:05,1589218805
JacksonXml,3,testEmptyList,11.05.2020 19:53:08,1589219588
JacksonXml,3,testIssue7,11.05.2020 19:25:50,1589217950
JacksonXml,3,testNullSuppression,11.05.2020 19:25:13,1589217913
JacksonXml,3,testIssue44,11.05.2020 19:24:39,1589217879
JacksonXml,3,testSimpleValidXmlDecl,11.05.2020 20:26:07,1589221567
JacksonXml,3,testSimpleValidRoot,11.05.2020 20:23:54,1589221434
JacksonXml,3,testSimpleInvalid,11.05.2020 20:26:35,1589221595
JacksonXml,3,testListViaObjectReader,11.05.2020 20:24:33,1589221473
JacksonXml,3,testSimpleValidDoctype,11.05.2020 20:27:03,1589221623
JacksonXml,3,testSimpleValidPI,11.05.2020 20:23:26,1589221406
JacksonXml,3,testSimpleViaObjectReader,11.05.2020 20:25:08,1589221508
JacksonXml,3,testSimpleValidComment,11.05.2020 20:25:38,1589221538
JacksonXml,3,testOptionals,11.05.2020 19:41:52,1589218912
JacksonXml,3,testListWithAttrOnlyValues,11.05.2020 19:42:56,1589218976
JacksonXml,3,testOptionalsWithMissingType,11.05.2020 19:42:16,1589218936
JacksonXml,3,testParentListRoundtrip,11.05.2020 19:43:39,1589219019
JacksonXml,3,testXmlAttributesWithNextTextValue,11.05.2020 20:30:16,1589221816
JacksonXml,3,testMissingString,11.05.2020 19:21:52,1589217712
JacksonXml,3,testStringArrayWithAttribute,11.05.2020 19:21:18,1589217678
JacksonXml,3,testEmptyElementToString,11.05.2020 19:23:29,1589217809
JacksonXml,3,testStringsWithAttribute,11.05.2020 19:24:02,1589217842
JacksonXml,3,testSimpleStringElement,11.05.2020 19:22:56,1589217776
JacksonXml,3,testStringWithAttribute,11.05.2020 19:22:24,1589217744
JacksonXml,3,testSimpleStringBean,11.05.2020 20:08:47,1589220527
JacksonXml,3,testEmptyElem,11.05.2020 20:06:13,1589220373
JacksonXml,3,testMultiLevel172,11.05.2020 20:05:39,1589220339
JacksonXml,3,testSimpleIntBean,11.05.2020 20:09:22,1589220562
JacksonXml,3,testSimpleMap,11.05.2020 20:07:50,1589220470
JacksonXml,3,testWithAttr,11.05.2020 20:07:13,1589220433
JacksonXml,3,testNoElementWrapper,11.05.2020 19:28:44,1589218124
JacksonXml,3,testElementWrapper,11.05.2020 19:29:21,1589218161
JacksonXml,3,testIntArrayToX,11.05.2020 19:54:52,1589219692
JacksonXml,3,testLongArrayToX,11.05.2020 19:54:17,1589219657
JacksonXml,3,testShortArrayToX,11.05.2020 19:53:41,1589219621
JacksonXml,3,testForceElementAsArray,11.05.2020 20:32:42,1589221962
JacksonXml,3,testSimplest,11.05.2020 20:30:50,1589221850
JacksonXml,3,testSimpleNested,11.05.2020 20:35:10,1589222110
JacksonXml,3,testSimpleWithEmpty,11.05.2020 20:31:47,1589221907
JacksonXml,3,testRoundTripWithSample,11.05.2020 20:34:38,1589222078
JacksonXml,3,testXmlAttributes,11.05.2020 20:36:10,1589222170
JacksonXml,3,testSimpleCollectionDeserWithForwardRefs,11.05.2020 19:56:05,1589219765
JacksonXml,3,testSecondLevelAttribute,11.05.2020 20:27:32,1589221652
JacksonXml,3,testSimpleElement,11.05.2020 20:28:58,1589221738
JacksonXml,3,testWriteToFile,11.05.2020 20:28:03,1589221683
JacksonXml,3,testAttrAndElem,11.05.2020 20:29:25,1589221765
JacksonXml,3,testSimpleAttribute,11.05.2020 20:28:31,1589221711
JacksonXml,3,setUp,11.05.2020 20:15:29,1589220929
JacksonXml,3,testCDataString,11.05.2020 20:17:12,1589221032
JacksonXml,3,testNakedMap,11.05.2020 20:15:08,1589220908
JacksonXml,3,testSimpleAttrAndElem,11.05.2020 20:12:13,1589220733
JacksonXml,3,testCustomSerializer,11.05.2020 20:16:39,1589220999
JacksonXml,3,testSimpleNsElem,11.05.2020 20:13:54,1589220834
JacksonXml,3,testRootName,11.05.2020 20:17:51,1589221071
JacksonXml,3,testMap,11.05.2020 20:13:13,1589220793
JacksonXml,3,testCDataStringArray,11.05.2020 20:16:06,1589220966
JacksonXml,3,testSimpleAttribute,11.05.2020 20:14:31,1589220871
JacksonXml,3,testIssue42,11.05.2020 20:21:54,1589221314
JacksonXml,3,testIssue66,11.05.2020 19:58:37,1589219917
JacksonXml,3,testDeserializeAsText,11.05.2020 20:00:15,1589220015
JacksonXml,3,testIssue24,11.05.2020 20:02:09,1589220129
JacksonXml,3,testSerializeAsText,11.05.2020 19:59:16,1589219956
JacksonXml,3,testTextOnlyPojo,11.05.2020 20:00:57,1589220057
JacksonXml,3,testAlternateTextElementName,11.05.2020 20:01:31,1589220091
JacksonXml,3,testTwoBinaryProps,11.05.2020 19:16:56,1589217416
JacksonXml,3,testWithTwoAttributes,11.05.2020 19:35:35,1589218535
JacksonXml,3,testOptionalsWithMissingType,11.05.2020 19:36:12,1589218572
JacksonXml,3,testEmptyList,11.05.2020 19:34:56,1589218496
JacksonXml,3,testSimpleRead,11.05.2020 19:27:01,1589218021
JacksonXml,3,testEmpty,11.05.2020 19:55:29,1589219729
JacksonXml,3,testPolyIdList178,11.05.2020 19:34:19,1589218459
JacksonXml,3,testRoundtrip,11.05.2020 19:13:57,1589217237
JacksonXml,3,testSimpleWrappedList,11.05.2020 19:44:11,1589219051
JacksonXml,3,testStringList,11.05.2020 19:44:45,1589219085
JacksonXml,3,testAsClassObject,11.05.2020 19:57:22,1589219842
JacksonXml,3,testAsClassProperty,11.05.2020 19:58:01,1589219881
JacksonXml,3,testAsPropertyWithObjectId,11.05.2020 19:56:46,1589219806
JacksonXml,3,testXmlFactory,11.05.2020 20:11:38,1589220698
JacksonXml,3,testMapper,11.05.2020 20:11:07,1589220667
JacksonXml,3,testIssue54,11.05.2020 20:20:42,1589221242
JacksonXml,3,testIssue6,11.05.2020 20:20:11,1589221211
JacksonXml,3,testIssue19,11.05.2020 20:19:37,1589221177
JacksonXml,3,testIssue117AnySetterAttrs,11.05.2020 20:19:00,1589221140
JacksonXml,3,testSimpleNsAttr,11.05.2020 20:18:25,1589221105
JacksonXml,3,testNestedWithEmpty,11.05.2020 19:47:03,1589219223
JacksonXml,3,testNested1_2,11.05.2020 19:45:56,1589219156
JacksonXml,3,testNested1_2b,11.05.2020 19:46:30,1589219190
JacksonXml,3,testNestedWithEmpty2,11.05.2020 19:48:10,1589219290
JacksonXml,3,testNested2_1,11.05.2020 19:47:37,1589219257
JacksonXml,3,testAnnotationSharing,11.05.2020 19:36:50,1589218610
JacksonXml,3,testXmlTextWithSuppressedValue,11.05.2020 20:04:38,1589220278
JacksonXml,3,testEnum,11.05.2020 19:20:22,1589217622
JacksonXml,3,testFromAttribute,11.05.2020 19:19:15,1589217555
JacksonXml,3,testOptionalAttr,11.05.2020 19:19:48,1589217588
JacksonXml,3,testMissingOptionalAttr,11.05.2020 19:18:42,1589217522
JacksonXml,3,testMapWithAttr,11.05.2020 19:17:32,1589217452
JacksonXml,3,testRoundTripWithJacksonExample,11.05.2020 19:18:08,1589217488
JacksonXml,3,testTwoAttributes,11.05.2020 19:27:36,1589218056
JacksonXml,3,testAttributeAndElement,11.05.2020 19:28:11,1589218091
JacksonXml,3,testAsTextWithJAXB,11.05.2020 19:30:39,1589218239
JacksonXml,3,setUp,11.05.2020 19:33:41,1589218421
JacksonXml,3,testPersonAsXml,11.05.2020 19:32:05,1589218325
JacksonXml,3,testSerializeAsAttr,11.05.2020 19:33:21,1589218401
JacksonXml,3,testRootName,11.05.2020 19:32:40,1589218360
JacksonXml,3,testOrdering,11.05.2020 20:21:18,1589221278
JacksonXml,3,testRenamedRootItem,11.05.2020 19:48:44,1589219324
JacksonXml,3,testEmptyStringFromElemAndAttr,11.05.2020 19:16:23,1589217383
JacksonXml,3,testUnwrappedLists,11.05.2020 19:52:10,1589219530
JacksonXml,3,testDefaultWrapping,11.05.2020 19:49:20,1589219360
JacksonXml,3,testDefaultWrappingWithEmptyLists,11.05.2020 19:50:31,1589219431
JacksonXml,3,testOptionalsWithMissingType,11.05.2020 19:49:58,1589219398
JacksonXml,3,testWrappedLists,11.05.2020 19:51:33,1589219493
JacksonXml,4,testMapperCopy,11.05.2020 20:54:19,1589223259
JacksonXml,4,testMapperSerialization,11.05.2020 20:53:20,1589223200
JacksonXml,4,testMapperVersions,11.05.2020 20:53:48,1589223228
JacksonXml,4,testListDeser,11.05.2020 21:12:56,1589224376
JacksonXml,4,testPolyIdList178,11.05.2020 21:06:29,1589223989
JacksonXml,4,testNestedUnwrappedLists180,11.05.2020 21:18:47,1589224727
JacksonXml,4,testUnwrappingSubWithAttribute,11.05.2020 21:33:14,1589225594
JacksonXml,4,testUnwrappingWithAttribute,11.05.2020 21:34:05,1589225645
JacksonXml,4,testSimpleUnwrappingRoundtrip,11.05.2020 21:33:39,1589225619
JacksonXml,4,testXml11Declaration,11.05.2020 21:47:46,1589226466
JacksonXml,4,testXml10Declaration,11.05.2020 21:48:13,1589226493
JacksonXml,4,testRootNameAnnotation,11.05.2020 21:29:48,1589225388
JacksonXml,4,testDynamicRootName,11.05.2020 21:29:01,1589225341
JacksonXml,4,testSimple,11.05.2020 21:03:38,1589223818
JacksonXml,4,testCollection,11.05.2020 21:12:26,1589224346
JacksonXml,4,testUnwrappedListBeanDeser,11.05.2020 21:15:30,1589224530
JacksonXml,4,testWrappedListWithGetters,11.05.2020 21:15:00,1589224500
JacksonXml,4,testWrappedList,11.05.2020 21:13:28,1589224408
JacksonXml,4,testWrappedListBeanDeser,11.05.2020 21:14:29,1589224469
JacksonXml,4,testWrappedListWithAttribute,11.05.2020 21:13:59,1589224439
JacksonXml,4,testEmptyList,11.05.2020 21:25:03,1589225103
JacksonXml,4,testIssue7,11.05.2020 21:02:39,1589223759
JacksonXml,4,testNullSuppression,11.05.2020 21:03:08,1589223788
JacksonXml,4,testIssue44,11.05.2020 21:02:10,1589223730
JacksonXml,4,testSimpleValidXmlDecl,11.05.2020 21:49:32,1589226572
JacksonXml,4,testSimpleValidRoot,11.05.2020 21:50:52,1589226652
JacksonXml,4,testSimpleInvalid,11.05.2020 21:49:58,1589226598
JacksonXml,4,testListViaObjectReader,11.05.2020 21:49:06,1589226546
JacksonXml,4,testSimpleValidDoctype,11.05.2020 21:50:26,1589226626
JacksonXml,4,testSimpleValidPI,11.05.2020 21:51:46,1589226706
JacksonXml,4,testSimpleViaObjectReader,11.05.2020 21:48:38,1589226518
JacksonXml,4,testSimpleValidComment,11.05.2020 21:51:19,1589226679
JacksonXml,4,testOptionals,11.05.2020 21:17:20,1589224640
JacksonXml,4,testListWithAttrOnlyValues,11.05.2020 21:16:25,1589224585
JacksonXml,4,testOptionalsWithMissingType,11.05.2020 21:16:51,1589224611
JacksonXml,4,testParentListRoundtrip,11.05.2020 21:15:58,1589224558
JacksonXml,4,testMissingString,11.05.2020 20:59:17,1589223557
JacksonXml,4,testStringArrayWithAttribute,11.05.2020 20:58:45,1589223525
JacksonXml,4,testEmptyElementToString,11.05.2020 21:01:09,1589223669
JacksonXml,4,testStringsWithAttribute,11.05.2020 20:59:46,1589223586
JacksonXml,4,testSimpleStringElement,11.05.2020 21:01:39,1589223699
JacksonXml,4,testStringWithAttribute,11.05.2020 21:00:39,1589223639
JacksonXml,4,testSimpleStringBean,11.05.2020 21:38:35,1589225915
JacksonXml,4,testEmptyElem,11.05.2020 21:37:03,1589225823
JacksonXml,4,testMultiLevel172,11.05.2020 21:36:17,1589225777
JacksonXml,4,testSimpleIntBean,11.05.2020 21:39:01,1589225941
JacksonXml,4,testSimpleMap,11.05.2020 21:38:08,1589225888
JacksonXml,4,testWithAttr,11.05.2020 21:35:49,1589225749
JacksonXml,4,testNoElementWrapper,11.05.2020 21:05:34,1589223934
JacksonXml,4,testElementWrapper,11.05.2020 21:06:01,1589223961
JacksonXml,4,testIntArrayToX,11.05.2020 21:25:30,1589225130
JacksonXml,4,testLongArrayToX,11.05.2020 21:26:25,1589225185
JacksonXml,4,testShortArrayToX,11.05.2020 21:25:58,1589225158
JacksonXml,4,testForceElementAsArray,11.05.2020 21:56:27,1589226987
JacksonXml,4,testSimplest,11.05.2020 21:56:00,1589226960
JacksonXml,4,testSimpleNested,11.05.2020 21:55:07,1589226907
JacksonXml,4,testSimpleWithEmpty,11.05.2020 21:55:34,1589226934
JacksonXml,4,testRoundTripWithSample,11.05.2020 21:58:00,1589227080
JacksonXml,4,testXmlAttributes,11.05.2020 21:58:50,1589227130
JacksonXml,4,testSimpleCollectionDeserWithForwardRefs,11.05.2020 21:27:18,1589225238
JacksonXml,4,testSecondLevelAttribute,11.05.2020 21:52:39,1589226759
JacksonXml,4,testSimpleElement,11.05.2020 21:53:32,1589226812
JacksonXml,4,testWriteToFile,11.05.2020 21:53:58,1589226838
JacksonXml,4,testAttrAndElem,11.05.2020 21:53:06,1589226786
JacksonXml,4,testSimpleAttribute,11.05.2020 21:52:12,1589226732
JacksonXml,4,testCDataString,11.05.2020 21:41:31,1589226091
JacksonXml,4,testNakedMap,11.05.2020 21:43:22,1589226202
JacksonXml,4,testSimpleAttrAndElem,11.05.2020 21:42:27,1589226147
JacksonXml,4,testCustomSerializer,11.05.2020 21:43:49,1589226229
JacksonXml,4,testSimpleNsElem,11.05.2020 21:44:16,1589226256
JacksonXml,4,testMap,11.05.2020 21:42:55,1589226175
JacksonXml,4,testCDataStringArray,11.05.2020 21:41:59,1589226119
JacksonXml,4,testSimpleAttribute,11.05.2020 21:41:04,1589226064
JacksonXml,4,testIssue42,11.05.2020 21:47:21,1589226441
JacksonXml,4,testIssue66,11.05.2020 21:31:29,1589225489
JacksonXml,4,testDeserializeAsText,11.05.2020 21:32:21,1589225541
JacksonXml,4,testIssue24,11.05.2020 21:31:55,1589225515
JacksonXml,4,testSerializeAsText,11.05.2020 21:32:48,1589225568
JacksonXml,4,testTextOnlyPojo,11.05.2020 21:30:14,1589225414
JacksonXml,4,testAlternateTextElementName,11.05.2020 21:31:02,1589225462
JacksonXml,4,testTwoBinaryProps,11.05.2020 20:55:19,1589223319
JacksonXml,4,testWithTwoAttributes,11.05.2020 21:11:30,1589224290
JacksonXml,4,testOptionalsWithMissingType,11.05.2020 21:11:00,1589224260
JacksonXml,4,testEmptyList,11.05.2020 21:10:33,1589224233
JacksonXml,4,testSimpleRead,11.05.2020 21:04:07,1589223847
JacksonXml,4,testEmpty,11.05.2020 21:26:52,1589225212
JacksonXml,4,testPolyIdList178,11.05.2020 21:10:04,1589224204
JacksonXml,4,testRoundtrip,11.05.2020 20:52:49,1589223169
JacksonXml,4,testSimpleWrappedList,11.05.2020 21:18:18,1589224698
JacksonXml,4,testStringList,11.05.2020 21:17:48,1589224668
JacksonXml,4,testAsClassObject,11.05.2020 21:27:43,1589225263
JacksonXml,4,testAsClassProperty,11.05.2020 21:28:09,1589225289
JacksonXml,4,testAsPropertyWithObjectId,11.05.2020 21:28:34,1589225314
JacksonXml,4,testXmlFactory,11.05.2020 21:39:28,1589225968
JacksonXml,4,testMapper,11.05.2020 21:40:36,1589226036
JacksonXml,4,testIssue54,11.05.2020 21:46:29,1589226389
JacksonXml,4,testIssue6,11.05.2020 21:44:44,1589226284
JacksonXml,4,testIssue19,11.05.2020 21:46:00,1589226360
JacksonXml,4,testIssue117AnySetterAttrs,11.05.2020 21:45:09,1589226309
JacksonXml,4,testSimpleNsAttr,11.05.2020 21:45:35,1589226335
JacksonXml,4,testNestedWithEmpty,11.05.2020 21:20:16,1589224816
JacksonXml,4,testNested1_2,11.05.2020 21:19:47,1589224787
JacksonXml,4,testNested1_2b,11.05.2020 21:21:13,1589224873
JacksonXml,4,testNestedWithEmpty2,11.05.2020 21:19:17,1589224757
JacksonXml,4,testNested2_1,11.05.2020 21:20:46,1589224846
JacksonXml,4,testAnnotationSharing,11.05.2020 21:11:58,1589224318
JacksonXml,4,testMixedContent,11.05.2020 21:34:57,1589225697
JacksonXml,4,testXmlTextWithSuppressedValue,11.05.2020 21:35:22,1589225722
JacksonXml,4,testSimple198,11.05.2020 21:34:32,1589225672
JacksonXml,4,testEnum,11.05.2020 20:58:13,1589223493
JacksonXml,4,testFromAttribute,11.05.2020 20:57:12,1589223432
JacksonXml,4,testOptionalAttr,11.05.2020 20:56:44,1589223404
JacksonXml,4,testMissingOptionalAttr,11.05.2020 20:56:16,1589223376
JacksonXml,4,testMapWithAttr,11.05.2020 20:57:44,1589223464
JacksonXml,4,testRoundTripWithJacksonExample,11.05.2020 20:55:47,1589223347
JacksonXml,4,testTwoAttributes,11.05.2020 21:04:35,1589223875
JacksonXml,4,testAttributeAndElement,11.05.2020 21:05:05,1589223905
JacksonXml,4,testAsTextWithJAXB,11.05.2020 21:08:34,1589224114
JacksonXml,4,setUp,11.05.2020 21:06:53,1589224013
JacksonXml,4,testPersonAsXml,11.05.2020 21:09:33,1589224173
JacksonXml,4,testSerializeAsAttr,11.05.2020 21:08:06,1589224086
JacksonXml,4,testRootName,11.05.2020 21:09:02,1589224142
JacksonXml,4,testOrdering,11.05.2020 21:46:54,1589226414
JacksonXml,4,testRenamedRootItem,11.05.2020 21:21:40,1589224900
JacksonXml,4,testEmptyStringFromElemAndAttr,11.05.2020 20:54:50,1589223290
JacksonXml,4,testUnwrappedLists,11.05.2020 21:24:16,1589225056
JacksonXml,4,testDefaultWrapping,11.05.2020 21:22:08,1589224928
JacksonXml,4,testDefaultWrappingWithEmptyLists,11.05.2020 21:23:27,1589225007
JacksonXml,4,testOptionalsWithMissingType,11.05.2020 21:22:59,1589224979
JacksonXml,4,testWrappedLists,11.05.2020 21:22:32,1589224952
JacksonXml,5,testMapperVersions,11.05.2020 22:20:08,1589228408
JacksonXml,5,testListDeser,11.05.2020 22:45:27,1589229927
JacksonXml,5,testCaseInsensitive1036,11.05.2020 22:21:01,1589228461
JacksonXml,5,testPolyIdList178,11.05.2020 22:39:26,1589229566
JacksonXml,5,testNestedUnwrappedLists180,11.05.2020 22:50:42,1589230242
JacksonXml,5,testUnwrappingSubWithAttribute,11.05.2020 23:06:08,1589231168
JacksonXml,5,testUnwrappingWithAttribute,11.05.2020 23:05:42,1589231142
JacksonXml,5,testSimpleUnwrappingRoundtrip,11.05.2020 23:06:34,1589231194
JacksonXml,5,testXml11Declaration,11.05.2020 23:21:07,1589232067
JacksonXml,5,testXml10Declaration,11.05.2020 23:20:40,1589232040
JacksonXml,5,testRootNameAnnotation,11.05.2020 23:02:05,1589230925
JacksonXml,5,testDynamicRootName,11.05.2020 23:01:16,1589230876
JacksonXml,5,testSimple,11.05.2020 22:36:40,1589229400
JacksonXml,5,testCollection,11.05.2020 22:45:00,1589229900
JacksonXml,5,testUnwrappedListBeanDeser,11.05.2020 22:46:50,1589230010
JacksonXml,5,testWrappedListWithGetters,11.05.2020 22:45:54,1589229954
JacksonXml,5,testWrappedList,11.05.2020 22:47:18,1589230038
JacksonXml,5,testWrappedListBeanDeser,11.05.2020 22:47:45,1589230065
JacksonXml,5,testWrappedListWithAttribute,11.05.2020 22:46:22,1589229982
JacksonXml,5,testEmptyList,11.05.2020 22:56:44,1589230604
JacksonXml,5,testIssue7,11.05.2020 22:35:46,1589229346
JacksonXml,5,testNullSuppression,11.05.2020 22:36:13,1589229373
JacksonXml,5,testIssue44,11.05.2020 22:35:19,1589229319
JacksonXml,5,testSimpleValidXmlDecl,11.05.2020 23:21:34,1589232094
JacksonXml,5,testSimpleValidRoot,11.05.2020 23:24:40,1589232280
JacksonXml,5,testSimpleInvalid,11.05.2020 23:23:19,1589232199
JacksonXml,5,testListViaObjectReader,11.05.2020 23:23:47,1589232227
JacksonXml,5,testSimpleValidDoctype,11.05.2020 23:24:14,1589232254
JacksonXml,5,testSimpleValidPI,11.05.2020 23:22:00,1589232120
JacksonXml,5,testSimpleViaObjectReader,11.05.2020 23:22:53,1589232173
JacksonXml,5,testSimpleValidComment,11.05.2020 23:22:27,1589232147
JacksonXml,5,testOptionals,11.05.2020 22:48:11,1589230091
JacksonXml,5,testListWithAttrOnlyValues,11.05.2020 22:49:23,1589230163
JacksonXml,5,testOptionalsWithMissingType,11.05.2020 22:48:57,1589230137
JacksonXml,5,testParentListRoundtrip,11.05.2020 22:48:36,1589230116
JacksonXml,5,testMapperCopy,11.05.2020 22:18:19,1589228299
JacksonXml,5,testMapperSerialization,11.05.2020 22:19:11,1589228351
JacksonXml,5,testSerializerProviderCopy,11.05.2020 22:18:45,1589228325
JacksonXml,5,testSimpleStringBean,11.05.2020 23:09:33,1589231373
JacksonXml,5,testEmptyElem,11.05.2020 23:10:26,1589231426
JacksonXml,5,testMultiLevel172,11.05.2020 23:10:54,1589231454
JacksonXml,5,testSimpleIntBean,11.05.2020 23:09:59,1589231399
JacksonXml,5,testSimpleMap,11.05.2020 23:11:42,1589231502
JacksonXml,5,testWithAttr,11.05.2020 23:08:46,1589231326
JacksonXml,5,testNoElementWrapper,11.05.2020 22:38:31,1589229511
JacksonXml,5,testElementWrapper,11.05.2020 22:38:59,1589229539
JacksonXml,5,testIntArrayToX,11.05.2020 22:58:06,1589230686
JacksonXml,5,testLongArrayToX,11.05.2020 22:57:11,1589230631
JacksonXml,5,testShortArrayToX,11.05.2020 22:57:38,1589230658
JacksonXml,5,testForceElementAsArray,11.05.2020 23:31:12,1589232672
JacksonXml,5,testSimplest,11.05.2020 23:31:38,1589232698
JacksonXml,5,testSimpleNested,11.05.2020 23:32:06,1589232726
JacksonXml,5,testSimpleWithEmpty,11.05.2020 23:33:15,1589232795
JacksonXml,5,testRoundTripWithSample,11.05.2020 23:34:24,1589232864
JacksonXml,5,testXmlAttributes,11.05.2020 23:30:24,1589232624
JacksonXml,5,testSimpleCollectionDeserWithForwardRefs,11.05.2020 22:59:27,1589230767
JacksonXml,5,testSecondLevelAttribute,11.05.2020 23:27:20,1589232440
JacksonXml,5,testRawSimpleAttribute,11.05.2020 23:26:53,1589232413
JacksonXml,5,testRawOffsetValue,11.05.2020 23:29:36,1589232576
JacksonXml,5,testSimpleElement,11.05.2020 23:27:47,1589232467
JacksonXml,5,testWriteToFile,11.05.2020 23:25:06,1589232306
JacksonXml,5,testRawCharArrayValue,11.05.2020 23:26:24,1589232384
JacksonXml,5,testRawOffsetAttribute,11.05.2020 23:29:08,1589232548
JacksonXml,5,testRawCharArratAttribute,11.05.2020 23:28:41,1589232521
JacksonXml,5,testRawSimpleValue,11.05.2020 23:25:58,1589232358
JacksonXml,5,testAttrAndElem,11.05.2020 23:28:13,1589232493
JacksonXml,5,testSimpleAttribute,11.05.2020 23:25:33,1589232333
JacksonXml,5,testCDataString,11.05.2020 23:17:02,1589231822
JacksonXml,5,testNakedMap,11.05.2020 23:16:36,1589231796
JacksonXml,5,testSimpleAttrAndElem,11.05.2020 23:16:08,1589231768
JacksonXml,5,testCustomSerializer,11.05.2020 23:15:12,1589231712
JacksonXml,5,testSimpleNsElem,11.05.2020 23:14:45,1589231685
JacksonXml,5,testMap,11.05.2020 23:14:17,1589231657
JacksonXml,5,testCDataStringArray,11.05.2020 23:13:50,1589231630
JacksonXml,5,testSimpleAttribute,11.05.2020 23:15:40,1589231740
JacksonXml,5,testIssue42,11.05.2020 23:20:13,1589232013
JacksonXml,5,testIssue274,11.05.2020 22:23:58,1589228638
JacksonXml,5,testIssue66,11.05.2020 23:03:52,1589231032
JacksonXml,5,testDeserializeAsText,11.05.2020 23:04:21,1589231061
JacksonXml,5,testIssue24,11.05.2020 23:05:16,1589231116
JacksonXml,5,testSerializeAsText,11.05.2020 23:02:32,1589230952
JacksonXml,5,testTextOnlyPojo,11.05.2020 23:04:49,1589231089
JacksonXml,5,testAlternateTextElementName,11.05.2020 23:03:23,1589231003
JacksonXml,5,testSkipNullField1,11.05.2020 22:26:26,1589228786
JacksonXml,5,testSkipNullMethod1,11.05.2020 22:28:13,1589228893
JacksonXml,5,testSkipNullMethod2,11.05.2020 22:27:48,1589228868
JacksonXml,5,testSkipNullWithDefaults,11.05.2020 22:26:54,1589228814
JacksonXml,5,testSkipNullField2,11.05.2020 22:27:20,1589228840
JacksonXml,5,testTwoBinaryProps,11.05.2020 22:32:14,1589229134
JacksonXml,5,testDTDAttempt,11.05.2020 22:58:32,1589230712
JacksonXml,5,testWithTwoAttributes,11.05.2020 22:43:40,1589229820
JacksonXml,5,testOptionalsWithMissingType,11.05.2020 22:44:07,1589229847
JacksonXml,5,testEmptyList,11.05.2020 22:43:14,1589229794
JacksonXml,5,testSimpleRead,11.05.2020 22:37:08,1589229428
JacksonXml,5,testEmpty,11.05.2020 22:59:00,1589230740
JacksonXml,5,testPolyIdList178,11.05.2020 22:42:47,1589229767
JacksonXml,5,testRoundtrip,11.05.2020 22:19:39,1589228379
JacksonXml,5,testEmptyString162,11.05.2020 22:23:32,1589228612
JacksonXml,5,testExceptionWrapping,11.05.2020 22:21:26,1589228486
JacksonXml,5,testSimpleWrappedList,11.05.2020 22:49:50,1589230190
JacksonXml,5,testStringList,11.05.2020 22:50:16,1589230216
JacksonXml,5,testAsClassObject,11.05.2020 22:59:56,1589230796
JacksonXml,5,testAsClassProperty,11.05.2020 23:00:23,1589230823
JacksonXml,5,testAsPropertyWithObjectId,11.05.2020 23:00:50,1589230850
JacksonXml,5,testXmlFactory,11.05.2020 23:12:31,1589231551
JacksonXml,5,testMapper,11.05.2020 23:13:23,1589231603
JacksonXml,5,testIssue54,11.05.2020 23:19:18,1589231958
JacksonXml,5,testIssue6,11.05.2020 23:18:23,1589231903
JacksonXml,5,testIssue19,11.05.2020 23:17:57,1589231877
JacksonXml,5,testIssue117AnySetterAttrs,11.05.2020 23:17:30,1589231850
JacksonXml,5,testSimpleNsAttr,11.05.2020 23:18:50,1589231930
JacksonXml,5,testNestedWithEmpty,11.05.2020 22:51:37,1589230297
JacksonXml,5,testNested1_2,11.05.2020 22:52:03,1589230323
JacksonXml,5,testNested1_2b,11.05.2020 22:51:09,1589230269
JacksonXml,5,testNestedWithEmpty2,11.05.2020 22:52:32,1589230352
JacksonXml,5,testNested2_1,11.05.2020 22:52:59,1589230379
JacksonXml,5,testAnnotationSharing,11.05.2020 22:44:33,1589229873
JacksonXml,5,testMixedContent,11.05.2020 23:07:01,1589231221
JacksonXml,5,testXmlTextWithSuppressedValue,11.05.2020 23:07:55,1589231275
JacksonXml,5,testSimple198,11.05.2020 23:07:27,1589231247
JacksonXml,5,testEnum,11.05.2020 22:34:52,1589229292
JacksonXml,5,testFromAttribute,11.05.2020 22:33:35,1589229215
JacksonXml,5,testOptionalAttr,11.05.2020 22:33:09,1589229189
JacksonXml,5,testMissingOptionalAttr,11.05.2020 22:34:02,1589229242
JacksonXml,5,testMapWithAttr,11.05.2020 22:34:27,1589229267
JacksonXml,5,testRoundTripWithJacksonExample,11.05.2020 22:32:42,1589229162
JacksonXml,5,testEmptyStringElement,11.05.2020 22:22:39,1589228559
JacksonXml,5,testEmptyElement,11.05.2020 22:21:51,1589228511
JacksonXml,5,testEmptyString162,11.05.2020 22:23:06,1589228586
JacksonXml,5,testTwoAttributes,11.05.2020 22:38:01,1589229481
JacksonXml,5,testAttributeAndElement,11.05.2020 22:37:35,1589229455
JacksonXml,5,testMissingString,11.05.2020 22:29:30,1589228970
JacksonXml,5,testStringsInList,11.05.2020 22:31:18,1589229078
JacksonXml,5,testStringArrayWithAttribute,11.05.2020 22:29:56,1589228996
JacksonXml,5,testEmptyElementToString,11.05.2020 22:30:50,1589229050
JacksonXml,5,testStringsWithAttribute,11.05.2020 22:31:46,1589229106
JacksonXml,5,testSimpleStringElement,11.05.2020 22:29:03,1589228943
JacksonXml,5,testStringWithAttribute,11.05.2020 22:30:23,1589229023
JacksonXml,5,testNullsToGenericPojo,11.05.2020 22:25:16,1589228716
JacksonXml,5,testNullsToEmptyCollection,11.05.2020 22:25:38,1589228738
JacksonXml,5,testNullsToEmptyArrays,11.05.2020 22:24:50,1589228690
JacksonXml,5,testNullsToEmptyMap,11.05.2020 22:25:59,1589228759
JacksonXml,5,testNullsToEmptyPojo,11.05.2020 22:24:23,1589228663
JacksonXml,5,testAsTextWithJAXB,11.05.2020 22:40:16,1589229616
JacksonXml,5,setUp,11.05.2020 22:39:48,1589229588
JacksonXml,5,testPersonAsXml,11.05.2020 22:40:43,1589229643
JacksonXml,5,testSerializeAsAttr,11.05.2020 22:41:30,1589229690
JacksonXml,5,testRootName,11.05.2020 22:42:20,1589229740
JacksonXml,5,testOrdering,11.05.2020 23:19:46,1589231986
JacksonXml,5,testRenamedRootItem,11.05.2020 22:53:26,1589230406
JacksonXml,5,testEmptyStringFromElemAndAttr,11.05.2020 22:20:36,1589228436
JacksonXml,5,testUnwrappedLists,11.05.2020 22:55:33,1589230533
JacksonXml,5,testDefaultWrapping,11.05.2020 22:55:59,1589230559
JacksonXml,5,testDefaultWrappingWithEmptyLists,11.05.2020 22:54:19,1589230459
JacksonXml,5,testOptionalsWithMissingType,11.05.2020 22:54:45,1589230485
JacksonXml,5,testWrappedLists,11.05.2020 22:53:53,1589230433
JacksonXml,6,testMapperVersions,11.05.2020 23:57:32,1589234252
JacksonXml,6,testListDeser,12.05.2020 00:26:40,1589236000
JacksonXml,6,testCaseInsensitive1036,11.05.2020 23:58:24,1589234304
JacksonXml,6,testPolyIdList178,12.05.2020 00:20:54,1589235654
JacksonXml,6,testNestedUnwrappedLists180,12.05.2020 00:31:49,1589236309
JacksonXml,6,testUnwrappingSubWithAttribute,12.05.2020 00:46:30,1589237190
JacksonXml,6,testUnwrappingWithAttribute,12.05.2020 00:47:22,1589237242
JacksonXml,6,testSimpleUnwrappingRoundtrip,12.05.2020 00:46:56,1589237216
JacksonXml,6,testXml11Declaration,12.05.2020 01:03:42,1589238222
JacksonXml,6,testXml10Declaration,12.05.2020 01:04:10,1589238250
JacksonXml,6,testRootNameAnnotation,12.05.2020 00:43:03,1589236983
JacksonXml,6,testDynamicRootName,12.05.2020 00:42:35,1589236955
JacksonXml,6,testSimple,12.05.2020 00:17:52,1589235472
JacksonXml,6,testCollection,12.05.2020 00:26:13,1589235973
JacksonXml,6,testUnwrappedListBeanDeser,12.05.2020 00:28:26,1589236106
JacksonXml,6,testWrappedListWithGetters,12.05.2020 00:27:59,1589236079
JacksonXml,6,testWrappedList,12.05.2020 00:27:32,1589236052
JacksonXml,6,testWrappedListBeanDeser,12.05.2020 00:28:54,1589236134
JacksonXml,6,testWrappedListWithAttribute,12.05.2020 00:27:06,1589236026
JacksonXml,6,testEmptyList,12.05.2020 00:37:49,1589236669
JacksonXml,6,testIssue7,12.05.2020 00:12:34,1589235154
JacksonXml,6,testNullSuppression,12.05.2020 00:13:00,1589235180
JacksonXml,6,testIssue44,12.05.2020 00:13:26,1589235206
JacksonXml,6,testSimpleValidXmlDecl,12.05.2020 01:07:21,1589238441
JacksonXml,6,testSimpleValidRoot,12.05.2020 01:05:04,1589238304
JacksonXml,6,testSimpleInvalid,12.05.2020 01:04:38,1589238278
JacksonXml,6,testListViaObjectReader,12.05.2020 01:06:54,1589238414
JacksonXml,6,testSimpleValidDoctype,12.05.2020 01:05:32,1589238332
JacksonXml,6,testSimpleValidPI,12.05.2020 01:07:50,1589238470
JacksonXml,6,testSimpleViaObjectReader,12.05.2020 01:06:00,1589238360
JacksonXml,6,testSimpleValidComment,12.05.2020 01:06:28,1589238388
JacksonXml,6,testOptionals,12.05.2020 00:29:20,1589236160
JacksonXml,6,testListWithAttrOnlyValues,12.05.2020 00:30:31,1589236231
JacksonXml,6,testOptionalsWithMissingType,12.05.2020 00:30:07,1589236207
JacksonXml,6,testParentListRoundtrip,12.05.2020 00:29:46,1589236186
JacksonXml,6,testMapperCopy,11.05.2020 23:55:46,1589234146
JacksonXml,6,testMapperSerialization,11.05.2020 23:56:40,1589234200
JacksonXml,6,testSerializerProviderCopy,11.05.2020 23:56:13,1589234173
JacksonXml,6,testXmlAttributesWithNextTextValue,12.05.2020 01:13:33,1589238813
JacksonXml,6,testSimple,12.05.2020 00:16:59,1589235419
JacksonXml,6,testSimpleWithIgnores,12.05.2020 00:15:12,1589235312
JacksonXml,6,testPOJOConfigResolution1557,12.05.2020 00:13:53,1589235233
JacksonXml,6,testBuilderMethodReturnMoreGeneral,12.05.2020 00:16:05,1589235365
JacksonXml,6,testBuilderMethodReturnMoreSpecific,12.05.2020 00:15:39,1589235339
JacksonXml,6,testImmutable,12.05.2020 00:17:25,1589235445
JacksonXml,6,testSelfBuilder777,12.05.2020 00:14:20,1589235260
JacksonXml,6,testMultiAccess,12.05.2020 00:16:31,1589235391
JacksonXml,6,testCustomWith,12.05.2020 00:14:46,1589235286
JacksonXml,6,testSimpleStringBean,12.05.2020 00:53:23,1589237603
JacksonXml,6,testEmptyElem,12.05.2020 00:54:18,1589237658
JacksonXml,6,testMultiLevel172,12.05.2020 00:52:31,1589237551
JacksonXml,6,testSimpleIntBean,12.05.2020 00:52:04,1589237524
JacksonXml,6,testSimpleMap,12.05.2020 00:54:45,1589237685
JacksonXml,6,testWithAttr,12.05.2020 00:53:50,1589237630
JacksonXml,6,testNoElementWrapper,12.05.2020 00:20:27,1589235627
JacksonXml,6,testElementWrapper,12.05.2020 00:20:01,1589235601
JacksonXml,6,testIntArrayToX,12.05.2020 00:38:41,1589236721
JacksonXml,6,testLongArrayToX,12.05.2020 00:38:15,1589236695
JacksonXml,6,testShortArrayToX,12.05.2020 00:39:08,1589236748
JacksonXml,6,testForceElementAsArray,12.05.2020 01:17:06,1589239026
JacksonXml,6,testSimplest,12.05.2020 01:15:37,1589238937
JacksonXml,6,testSimpleNested,12.05.2020 01:14:20,1589238860
JacksonXml,6,testSimpleWithEmpty,12.05.2020 01:14:48,1589238888
JacksonXml,6,testRoundTripWithSample,12.05.2020 01:17:56,1589239076
JacksonXml,6,testXmlAttributes,12.05.2020 01:18:23,1589239103
JacksonXml,6,testSimpleCollectionDeserWithForwardRefs,12.05.2020 00:40:25,1589236825
JacksonXml,6,testSecondLevelAttribute,12.05.2020 01:08:16,1589238496
JacksonXml,6,testRawSimpleAttribute,12.05.2020 01:12:46,1589238766
JacksonXml,6,testRawOffsetValue,12.05.2020 01:10:02,1589238602
JacksonXml,6,testSimpleElement,12.05.2020 01:10:29,1589238629
JacksonXml,6,testWriteToFile,12.05.2020 01:09:35,1589238575
JacksonXml,6,testRawCharArrayValue,12.05.2020 01:12:20,1589238740
JacksonXml,6,testRawOffsetAttribute,12.05.2020 01:10:59,1589238659
JacksonXml,6,testRawCharArratAttribute,12.05.2020 01:08:41,1589238521
JacksonXml,6,testRawSimpleValue,12.05.2020 01:11:27,1589238687
JacksonXml,6,testAttrAndElem,12.05.2020 01:11:53,1589238713
JacksonXml,6,testSimpleAttribute,12.05.2020 01:09:07,1589238547
JacksonXml,6,testCDataString,12.05.2020 00:56:53,1589237813
JacksonXml,6,testNakedMap,12.05.2020 01:00:06,1589238006
JacksonXml,6,testSimpleAttrAndElem,12.05.2020 00:58:13,1589237893
JacksonXml,6,testCustomSerializer,12.05.2020 00:58:41,1589237921
JacksonXml,6,testSimpleNsElem,12.05.2020 00:57:19,1589237839
JacksonXml,6,testMap,12.05.2020 00:57:47,1589237867
JacksonXml,6,testCDataStringArray,12.05.2020 00:59:38,1589237978
JacksonXml,6,testSimpleAttribute,12.05.2020 00:59:08,1589237948
JacksonXml,6,testIssue42,12.05.2020 01:03:16,1589238196
JacksonXml,6,testIssue274,12.05.2020 00:01:20,1589234480
JacksonXml,6,testIssue66,12.05.2020 00:45:36,1589237136
JacksonXml,6,testDeserializeAsText,12.05.2020 00:46:04,1589237164
JacksonXml,6,testIssue24,12.05.2020 00:44:43,1589237083
JacksonXml,6,testSerializeAsText,12.05.2020 00:43:29,1589237009
JacksonXml,6,testTextOnlyPojo,12.05.2020 00:45:10,1589237110
JacksonXml,6,testAlternateTextElementName,12.05.2020 00:44:18,1589237058
JacksonXml,6,testSkipNullField1,12.05.2020 00:04:38,1589234678
JacksonXml,6,testSkipNullMethod1,12.05.2020 00:05:06,1589234706
JacksonXml,6,testSkipNullMethod2,12.05.2020 00:05:31,1589234731
JacksonXml,6,testSkipNullWithDefaults,12.05.2020 00:04:12,1589234652
JacksonXml,6,testSkipNullField2,12.05.2020 00:03:46,1589234626
JacksonXml,6,testTwoBinaryProps,12.05.2020 00:09:29,1589234969
JacksonXml,6,testDTDAttempt,12.05.2020 00:39:35,1589236775
JacksonXml,6,testWithTwoAttributes,12.05.2020 00:25:21,1589235921
JacksonXml,6,testOptionalsWithMissingType,12.05.2020 00:24:55,1589235895
JacksonXml,6,testEmptyList,12.05.2020 00:24:29,1589235869
JacksonXml,6,testSimpleRead,12.05.2020 00:18:17,1589235497
JacksonXml,6,testEmpty,12.05.2020 00:40:00,1589236800
JacksonXml,6,testPolyIdList178,12.05.2020 00:24:05,1589235845
JacksonXml,6,testRoundtrip,11.05.2020 23:57:05,1589234225
JacksonXml,6,testEmptyString162,12.05.2020 00:00:52,1589234452
JacksonXml,6,testExceptionWrapping,11.05.2020 23:58:50,1589234330
JacksonXml,6,testSimpleWrappedList,12.05.2020 00:30:58,1589236258
JacksonXml,6,testStringList,12.05.2020 00:31:24,1589236284
JacksonXml,6,testAsClassObject,12.05.2020 00:41:49,1589236909
JacksonXml,6,testAsClassProperty,12.05.2020 00:41:20,1589236880
JacksonXml,6,testAsPropertyWithObjectId,12.05.2020 00:40:51,1589236851
JacksonXml,6,testXmlFactory,12.05.2020 00:55:14,1589237714
JacksonXml,6,testMapper,12.05.2020 00:56:25,1589237785
JacksonXml,6,testIssue54,12.05.2020 01:02:23,1589238143
JacksonXml,6,testIssue6,12.05.2020 01:01:55,1589238115
JacksonXml,6,testIssue19,12.05.2020 01:00:33,1589238033
JacksonXml,6,testIssue117AnySetterAttrs,12.05.2020 01:01:00,1589238060
JacksonXml,6,testSimpleNsAttr,12.05.2020 01:01:27,1589238087
JacksonXml,6,testNestedWithEmpty,12.05.2020 00:33:37,1589236417
JacksonXml,6,testNested1_2,12.05.2020 00:32:17,1589236337
JacksonXml,6,testNested1_2b,12.05.2020 00:32:43,1589236363
JacksonXml,6,testNestedWithEmpty2,12.05.2020 00:33:10,1589236390
JacksonXml,6,testNested2_1,12.05.2020 00:34:02,1589236442
JacksonXml,6,testAnnotationSharing,12.05.2020 00:25:46,1589235946
JacksonXml,6,testMixedContent,12.05.2020 00:47:48,1589237268
JacksonXml,6,testXmlTextWithSuppressedValue,12.05.2020 00:48:41,1589237321
JacksonXml,6,testSimple198,12.05.2020 00:48:15,1589237295
JacksonXml,6,testEnum,12.05.2020 00:12:07,1589235127
JacksonXml,6,testFromAttribute,12.05.2020 00:10:50,1589235050
JacksonXml,6,testOptionalAttr,12.05.2020 00:09:55,1589234995
JacksonXml,6,testMissingOptionalAttr,12.05.2020 00:10:23,1589235023
JacksonXml,6,testMapWithAttr,12.05.2020 00:11:16,1589235076
JacksonXml,6,testRoundTripWithJacksonExample,12.05.2020 00:11:42,1589235102
JacksonXml,6,testEmptyStringElement,12.05.2020 00:00:27,1589234427
JacksonXml,6,testEmptyElement,12.05.2020 00:00:02,1589234402
JacksonXml,6,testEmptyString162,11.05.2020 23:59:16,1589234356
JacksonXml,6,testTwoAttributes,12.05.2020 00:19:10,1589235550
JacksonXml,6,testAttributeAndElement,12.05.2020 00:18:43,1589235523
JacksonXml,6,testMissingString,12.05.2020 00:05:58,1589234758
JacksonXml,6,testStringsInList,12.05.2020 00:06:53,1589234813
JacksonXml,6,testStringArrayWithAttribute,12.05.2020 00:08:36,1589234916
JacksonXml,6,testEmptyElementToString,12.05.2020 00:08:10,1589234890
JacksonXml,6,testStringsWithAttribute,12.05.2020 00:06:25,1589234785
JacksonXml,6,testSimpleStringElement,12.05.2020 00:09:03,1589234943
JacksonXml,6,testStringWithAttribute,12.05.2020 00:07:42,1589234862
JacksonXml,6,testNullsToGenericPojo,12.05.2020 00:02:54,1589234574
JacksonXml,6,testNullsToEmptyCollection,12.05.2020 00:02:08,1589234528
JacksonXml,6,testNullsToEmptyArrays,12.05.2020 00:03:19,1589234599
JacksonXml,6,testNullsToEmptyMap,12.05.2020 00:02:28,1589234548
JacksonXml,6,testNullsToEmptyPojo,12.05.2020 00:01:46,1589234506
JacksonXml,6,testBuilder291,12.05.2020 00:19:35,1589235575
JacksonXml,6,testAsTextWithJAXB,12.05.2020 00:22:06,1589235726
JacksonXml,6,setUp,12.05.2020 00:22:27,1589235747
JacksonXml,6,testPersonAsXml,12.05.2020 00:21:40,1589235700
JacksonXml,6,testSerializeAsAttr,12.05.2020 00:23:39,1589235819
JacksonXml,6,testRootName,12.05.2020 00:22:53,1589235773
JacksonXml,6,testOrdering,12.05.2020 01:02:49,1589238169
JacksonXml,6,testRenamedRootItem,12.05.2020 00:34:29,1589236469
JacksonXml,6,testWith1Byte,12.05.2020 00:49:06,1589237346
JacksonXml,6,testWith3Bytes,12.05.2020 00:49:33,1589237373
JacksonXml,6,testWith4Bytes,12.05.2020 00:50:00,1589237400
JacksonXml,6,testWith2Bytes,12.05.2020 00:50:54,1589237454
JacksonXml,6,testWith0Bytes,12.05.2020 00:50:27,1589237427
JacksonXml,6,testEmptyStringFromElemAndAttr,11.05.2020 23:57:59,1589234279
JacksonXml,6,testUnwrappedLists,12.05.2020 00:36:11,1589236571
JacksonXml,6,testDefaultWrapping,12.05.2020 00:35:23,1589236523
JacksonXml,6,testDefaultWrappingWithEmptyLists,12.05.2020 00:37:04,1589236624
JacksonXml,6,testOptionalsWithMissingType,12.05.2020 00:36:37,1589236597
JacksonXml,6,testWrappedLists,12.05.2020 00:34:57,1589236497
